size0,size1,size2,size3,size4,size5,size6,size7,size8,size9,size10,size11,size12,size13,size14,size15,size16,size17,size18,size19,size20,size21,size22,size23,size24,size25,size26,size27,size28,size29,size30,size31,size32,size33,size34,size35,size36,size37,size38,size39,size40,size41,size42,size43,size44,size45,size46,size47,size48,size49,size50,size51,size52,size53,size54,size55,size56,size57,size58,size59,size60,size61,size62,size63,size64,size65,size66,size67,size68,size69,size70,size71,size72,size73,size74,size75,size76,size77,size78,size79,size80,size81,size82,size83,size84,size85,size86,size87,size88,size89,size90,size91,size92,size93,size94,size95,size96,size97,size98,size99,size100,size101,size102,size103,size104,size105,size106,size107,size108,size109,size110,size111,size112,size113,size114,size115,size116,size117,size118,size119,size120,size121,size122,size123,size124,size125,size126,size127,size128,size129,size130,size131,size132,size133,size134,size135,size136,size137,size138,size139,size140,size141,size142
79856,76560,81488,74512,79976,80448,80296,73600,77648,89096,94520,181752,96408,89224,95064,86984,90080,87688,90176,95208,101008,88664,84000,189592,131248,122680,119024,106992,111984,115032,125744,112696,110704,122800,134608,210904,166720,169808,165744,141544,158664,161640,197208,203080,206776,179448,169152,238128,145000,118192,112800,105768,115272,108296,0,0,0,0,0,0,0,0,0,0,0,0,0,0,0,0,0,0,0,0,0,0,0,0,0,0,0,0,0,0,0,0,0,0,0,0,0,0,0,0,0,0,0,0,0,0,0,0,0,0,0,0,0,0,0,0,0,0,0,0,0,0,0,0,0,0,0,0,0,0,0,0,0,0,0,0,0,0,0,0,0,0,0,0,0,0,0,0,0
88472,97504,82704,89392,86072,108728,86528,93968,81520,87784,92496,202408,69768,85128,86496,74376,71816,89784,82512,100696,77224,90096,81296,189512,71048,90880,78848,81592,78920,87520,89768,322016,152568,150576,122848,270920,145784,115728,147296,141800,108688,117064,135128,114872,114456,83016,98648,169376,78680,74824,62496,90152,91136,77920,0,0,0,0,0,0,0,0,0,0,0,0,0,0,0,0,0,0,0,0,0,0,0,0,0,0,0,0,0,0,0,0,0,0,0,0,0,0,0,0,0,0,0,0,0,0,0,0,0,0,0,0,0,0,0,0,0,0,0,0,0,0,0,0,0,0,0,0,0,0,0,0,0,0,0,0,0,0,0,0,0,0,0,0,0,0,0,0,0
53280,58280,60352,70104,61584,69152,65800,81056,72920,84120,73912,177552,73576,81072,76232,77744,69232,93168,78656,83416,85088,85968,74848,163304,90136,87944,88536,115568,112528,124624,116432,119160,106976,121376,124336,227592,154864,180760,157608,167272,131016,166904,168824,150688,211704,184320,212216,245896,262712,216056,137192,103624,96264,130024,0,0,0,0,0,0,0,0,0,0,0,0,0,0,0,0,0,0,0,0,0,0,0,0,0,0,0,0,0,0,0,0,0,0,0,0,0,0,0,0,0,0,0,0,0,0,0,0,0,0,0,0,0,0,0,0,0,0,0,0,0,0,0,0,0,0,0,0,0,0,0,0,0,0,0,0,0,0,0,0,0,0,0,0,0,0,0,0,0
70432,76048,78656,77240,79024,79176,69808,78552,77408,71448,89440,163208,92528,86576,77768,77552,80136,79088,82120,85872,77192,80392,80616,171336,85272,95424,95424,100216,90088,84440,97248,113792,97128,86312,90712,182488,93688,95848,101800,285760,149416,174192,140552,133536,147056,139192,123264,172376,103992,121640,154168,104712,132392,121288,0,0,0,0,0,0,0,0,0,0,0,0,0,0,0,0,0,0,0,0,0,0,0,0,0,0,0,0,0,0,0,0,0,0,0,0,0,0,0,0,0,0,0,0,0,0,0,0,0,0,0,0,0,0,0,0,0,0,0,0,0,0,0,0,0,0,0,0,0,0,0,0,0,0,0,0,0,0,0,0,0,0,0,0,0,0,0,0,0
117312,107864,111560,112232,120744,105656,113240,115376,94936,113768,116280,230992,129432,119464,136808,130344,143808,147488,138392,131976,128088,120208,128336,238344,127936,125080,116768,119648,123016,113008,113928,116352,127040,123296,150112,216000,103408,102472,128760,120480,138976,105344,93000,88160,130328,108696,134240,111064,134728,123800,158176,126280,125168,122712,0,0,0,0,0,0,0,0,0,0,0,0,0,0,0,0,0,0,0,0,0,0,0,0,0,0,0,0,0,0,0,0,0,0,0,0,0,0,0,0,0,0,0,0,0,0,0,0,0,0,0,0,0,0,0,0,0,0,0,0,0,0,0,0,0,0,0,0,0,0,0,0,0,0,0,0,0,0,0,0,0,0,0,0,0,0,0,0,0
103104,82136,107440,100608,116672,129768,131944,121344,124568,127528,132216,186600,129896,130584,281016,118184,123480,119000,119528,118080,125040,125352,120400,199776,136968,104432,94176,94624,100504,86208,90376,86040,76768,71816,71040,79648,76912,77160,76032,83864,84992,83104,86464,79584,86712,101216,91360,120248,135600,128680,153744,153936,173208,24968,0,0,0,0,0,0,0,0,0,0,0,0,0,0,0,0,0,0,0,0,0,0,0,0,0,0,0,0,0,0,0,0,0,0,0,0,0,0,0,0,0,0,0,0,0,0,0,0,0,0,0,0,0,0,0,0,0,0,0,0,0,0,0,0,0,0,0,0,0,0,0,0,0,0,0,0,0,0,0,0,0,0,0,0,0,0,0,0,0
121776,111264,99704,88960,102480,100968,99296,84592,99864,91872,105248,186728,128352,122512,132200,127272,134592,127832,121792,128224,178112,121032,114344,209736,101104,107760,103272,111144,109568,107280,112288,108192,113000,105296,112400,174712,117224,99272,97056,82840,92336,88208,91408,94608,108432,98784,107216,102880,104328,106320,135168,129864,127208,125256,0,0,0,0,0,0,0,0,0,0,0,0,0,0,0,0,0,0,0,0,0,0,0,0,0,0,0,0,0,0,0,0,0,0,0,0,0,0,0,0,0,0,0,0,0,0,0,0,0,0,0,0,0,0,0,0,0,0,0,0,0,0,0,0,0,0,0,0,0,0,0,0,0,0,0,0,0,0,0,0,0,0,0,0,0,0,0,0,0
105512,111864,111688,115088,119632,109176,109760,108000,115848,109760,110664,185960,107712,109472,104456,104696,109408,106616,109896,109992,111608,142248,79720,124920,77376,102848,90072,130592,100240,136560,93736,144224,105840,137784,108336,222088,90216,106464,81736,84728,75912,79280,73040,106880,62928,73480,70184,96216,65504,72776,73248,96376,86520,110144,0,0,0,0,0,0,0,0,0,0,0,0,0,0,0,0,0,0,0,0,0,0,0,0,0,0,0,0,0,0,0,0,0,0,0,0,0,0,0,0,0,0,0,0,0,0,0,0,0,0,0,0,0,0,0,0,0,0,0,0,0,0,0,0,0,0,0,0,0,0,0,0,0,0,0,0,0,0,0,0,0,0,0,0,0,0,0,0,0
80128,83056,81432,77056,78480,78648,78544,79984,76976,73816,77048,186840,80128,86752,87976,93680,185168,113184,125880,122248,119776,122320,122832,156328,117976,100200,101240,104504,85584,98144,102464,90024,97312,103712,89360,127784,97784,134448,138832,137424,152960,130936,126632,117280,114528,118704,102888,161264,132920,110232,83680,73872,76048,74976,0,0,0,0,0,0,0,0,0,0,0,0,0,0,0,0,0,0,0,0,0,0,0,0,0,0,0,0,0,0,0,0,0,0,0,0,0,0,0,0,0,0,0,0,0,0,0,0,0,0,0,0,0,0,0,0,0,0,0,0,0,0,0,0,0,0,0,0,0,0,0,0,0,0,0,0,0,0,0,0,0,0,0,0,0,0,0,0,0
106504,109880,119736,118072,118176,109408,114560,121400,125040,136208,128512,240520,125840,125440,150800,133272,161576,145584,156216,124384,169152,137368,149824,292736,132248,119056,112616,124760,131440,130112,136840,126336,118272,122752,106576,220368,108104,106864,99464,101368,95416,87800,97024,90552,85368,89536,94968,115920,91984,85768,88248,92168,100928,105024,0,0,0,0,0,0,0,0,0,0,0,0,0,0,0,0,0,0,0,0,0,0,0,0,0,0,0,0,0,0,0,0,0,0,0,0,0,0,0,0,0,0,0,0,0,0,0,0,0,0,0,0,0,0,0,0,0,0,0,0,0,0,0,0,0,0,0,0,0,0,0,0,0,0,0,0,0,0,0,0,0,0,0,0,0,0,0,0,0
261472,219040,220208,230744,223424,196680,230800,215992,217920,206440,182536,376192,170872,192080,180920,180176,165968,161168,175088,152984,152736,159072,167632,377368,176320,170224,166736,186760,194888,198488,213048,192544,213120,210144,244216,435080,337928,274208,291056,282072,326680,346648,366288,374688,364072,396000,404112,475392,417856,408800,428432,401504,432032,413488,0,0,0,0,0,0,0,0,0,0,0,0,0,0,0,0,0,0,0,0,0,0,0,0,0,0,0,0,0,0,0,0,0,0,0,0,0,0,0,0,0,0,0,0,0,0,0,0,0,0,0,0,0,0,0,0,0,0,0,0,0,0,0,0,0,0,0,0,0,0,0,0,0,0,0,0,0,0,0,0,0,0,0,0,0,0,0,0,0
284912,241880,236104,241640,225512,232032,254584,248768,259280,245424,243584,449616,226456,218096,197328,224152,218488,198656,182264,211592,157976,151688,167432,417952,311448,171136,193280,186416,201960,177768,215600,203048,210976,200552,216096,497744,250704,255752,305032,299928,328872,312176,354440,340512,392944,369984,411600,397560,499064,412736,453128,449032,440696,430960,0,0,0,0,0,0,0,0,0,0,0,0,0,0,0,0,0,0,0,0,0,0,0,0,0,0,0,0,0,0,0,0,0,0,0,0,0,0,0,0,0,0,0,0,0,0,0,0,0,0,0,0,0,0,0,0,0,0,0,0,0,0,0,0,0,0,0,0,0,0,0,0,0,0,0,0,0,0,0,0,0,0,0,0,0,0,0,0,0
209752,204344,185544,156768,177928,209736,178568,170680,172152,160008,148664,257296,118960,108472,116840,123608,136552,128576,140096,122680,121784,110776,113240,243168,123560,119344,119912,120552,124968,163232,122464,130264,128184,136352,138880,211360,141192,148464,133744,113752,115848,106768,84480,77952,68856,72960,66264,89648,80584,96856,106944,132600,124280,156024,0,0,0,0,0,0,0,0,0,0,0,0,0,0,0,0,0,0,0,0,0,0,0,0,0,0,0,0,0,0,0,0,0,0,0,0,0,0,0,0,0,0,0,0,0,0,0,0,0,0,0,0,0,0,0,0,0,0,0,0,0,0,0,0,0,0,0,0,0,0,0,0,0,0,0,0,0,0,0,0,0,0,0,0,0,0,0,0,0
243944,201136,213744,208216,190224,200216,191488,196112,203456,209016,193920,359888,215096,193120,176528,188512,177544,182080,206424,152808,155632,193824,184104,364736,210312,184968,177072,188032,183912,170480,191128,186168,174776,203824,197296,358032,205376,184576,166104,173112,165232,159488,169352,160416,159008,161672,141784,295800,131064,121352,124336,119184,101664,113528,0,0,0,0,0,0,0,0,0,0,0,0,0,0,0,0,0,0,0,0,0,0,0,0,0,0,0,0,0,0,0,0,0,0,0,0,0,0,0,0,0,0,0,0,0,0,0,0,0,0,0,0,0,0,0,0,0,0,0,0,0,0,0,0,0,0,0,0,0,0,0,0,0,0,0,0,0,0,0,0,0,0,0,0,0,0,0,0,0
37592,56104,41832,62632,40064,58136,40744,53792,76256,40056,59432,130904,61688,38840,40752,59024,39544,29344,34184,54664,38056,57376,36752,156432,40040,58256,40624,59512,37152,58248,37568,55928,76960,38560,57984,131952,59024,32424,58224,35848,52136,35272,58352,37216,62920,40544,36824,154752,41768,57672,44024,63624,48032,40048,51008,75160,89424,55968,58976,0,0,0,0,0,0,0,0,0,0,0,0,0,0,0,0,0,0,0,0,0,0,0,0,0,0,0,0,0,0,0,0,0,0,0,0,0,0,0,0,0,0,0,0,0,0,0,0,0,0,0,0,0,0,0,0,0,0,0,0,0,0,0,0,0,0,0,0,0,0,0,0,0,0,0,0,0,0,0,0,0,0,0,0
39672,24256,32672,36688,41680,39232,48768,69776,30632,30872,41840,282024,30024,28608,29176,19264,18824,20392,21584,20808,20976,16096,19248,285272,15248,20888,18248,19480,19536,21320,25632,36328,21520,11368,24304,287592,19432,17792,21960,15184,26256,14080,22296,14128,23776,14608,29216,289088,17288,29616,28160,30352,35248,33800,37784,45336,22840,18136,51896,0,0,0,0,0,0,0,0,0,0,0,0,0,0,0,0,0,0,0,0,0,0,0,0,0,0,0,0,0,0,0,0,0,0,0,0,0,0,0,0,0,0,0,0,0,0,0,0,0,0,0,0,0,0,0,0,0,0,0,0,0,0,0,0,0,0,0,0,0,0,0,0,0,0,0,0,0,0,0,0,0,0,0,0
30464,22984,29648,22352,31064,27104,20848,17984,29928,22336,20960,171272,23816,22608,29496,27976,18088,17896,26240,27504,33384,28968,33048,165224,38192,32944,39792,42088,37904,38000,28120,35312,37984,39456,35480,176568,34144,35560,34752,32480,27448,28792,34856,28680,27208,19448,26888,179912,19368,21008,24400,23288,24464,25784,24336,27472,27576,25584,22288,0,0,0,0,0,0,0,0,0,0,0,0,0,0,0,0,0,0,0,0,0,0,0,0,0,0,0,0,0,0,0,0,0,0,0,0,0,0,0,0,0,0,0,0,0,0,0,0,0,0,0,0,0,0,0,0,0,0,0,0,0,0,0,0,0,0,0,0,0,0,0,0,0,0,0,0,0,0,0,0,0,0,0,0
55144,31680,27232,28248,26280,24328,30080,28496,23768,26184,28024,203600,20888,24264,24904,25136,27320,25288,25896,23864,29480,32880,26928,203976,29008,30336,28384,27672,27456,25936,29336,26376,25920,23368,25840,204872,27648,27176,25584,26544,29624,24904,25664,20800,30424,35456,27312,205648,22016,26576,25368,28920,24728,26984,30256,28632,23720,26600,29000,0,0,0,0,0,0,0,0,0,0,0,0,0,0,0,0,0,0,0,0,0,0,0,0,0,0,0,0,0,0,0,0,0,0,0,0,0,0,0,0,0,0,0,0,0,0,0,0,0,0,0,0,0,0,0,0,0,0,0,0,0,0,0,0,0,0,0,0,0,0,0,0,0,0,0,0,0,0,0,0,0,0,0,0
45440,51440,53832,47408,40672,48112,50328,46064,50752,47288,46336,182560,44608,48240,45680,45592,47984,47304,42272,48120,49360,45128,55168,190328,48408,39768,50840,53936,44936,50264,52096,46280,47448,45712,46152,198720,49224,46264,41256,43904,49976,53368,45152,49000,42984,49208,46552,192272,42432,44448,45208,50288,58080,46040,49800,49944,55600,45456,44848,0,0,0,0,0,0,0,0,0,0,0,0,0,0,0,0,0,0,0,0,0,0,0,0,0,0,0,0,0,0,0,0,0,0,0,0,0,0,0,0,0,0,0,0,0,0,0,0,0,0,0,0,0,0,0,0,0,0,0,0,0,0,0,0,0,0,0,0,0,0,0,0,0,0,0,0,0,0,0,0,0,0,0,0
79792,53608,30552,22832,34200,33352,33736,32632,34440,32848,33480,309864,25856,34384,31160,33448,31168,30632,31656,27776,24512,23904,28848,311840,28448,46488,22632,24016,29144,23984,27168,24960,26504,24720,27224,310040,24920,28560,26984,23984,28312,28464,28720,29368,27744,25344,30760,310680,29568,39800,26472,21832,27768,27856,24040,27200,23816,24000,28448,0,0,0,0,0,0,0,0,0,0,0,0,0,0,0,0,0,0,0,0,0,0,0,0,0,0,0,0,0,0,0,0,0,0,0,0,0,0,0,0,0,0,0,0,0,0,0,0,0,0,0,0,0,0,0,0,0,0,0,0,0,0,0,0,0,0,0,0,0,0,0,0,0,0,0,0,0,0,0,0,0,0,0,0
58368,29080,29728,17728,14056,18048,16504,13664,14008,14496,11648,218808,16560,16360,20256,19640,17992,21256,22040,24984,23720,21248,20888,219672,20784,21896,27256,19616,14424,22760,21240,19944,13736,16696,17504,218920,13328,15560,17560,15408,13160,15728,14936,13480,16096,15584,16952,219280,12864,17016,22832,14320,10096,16632,17776,12584,9832,13064,12720,0,0,0,0,0,0,0,0,0,0,0,0,0,0,0,0,0,0,0,0,0,0,0,0,0,0,0,0,0,0,0,0,0,0,0,0,0,0,0,0,0,0,0,0,0,0,0,0,0,0,0,0,0,0,0,0,0,0,0,0,0,0,0,0,0,0,0,0,0,0,0,0,0,0,0,0,0,0,0,0,0,0,0,0
148992,68872,69120,58768,62480,67936,51168,81280,89680,42152,34936,494560,35768,36384,38312,48408,41504,31424,30312,33136,35688,43664,48288,495440,44456,47312,52304,52184,52144,61808,60016,66960,86048,65328,55184,496872,43104,46768,47448,51864,41344,52480,40960,35080,35992,36352,30768,502440,46696,96104,122728,106480,103560,98976,87440,99432,125888,74880,79128,0,0,0,0,0,0,0,0,0,0,0,0,0,0,0,0,0,0,0,0,0,0,0,0,0,0,0,0,0,0,0,0,0,0,0,0,0,0,0,0,0,0,0,0,0,0,0,0,0,0,0,0,0,0,0,0,0,0,0,0,0,0,0,0,0,0,0,0,0,0,0,0,0,0,0,0,0,0,0,0,0,0,0,0
87528,70616,66280,80904,66280,67064,73536,96576,74464,80720,78840,287760,75200,77392,105016,85936,81040,79880,99400,75464,81704,70416,89344,298360,66048,76496,99456,81104,86096,135136,86280,87360,108384,76752,84464,297696,76688,83824,85168,101296,75872,79816,90504,91664,96512,90512,90600,295224,88184,93568,120288,88504,88240,87240,91024,77800,80808,71320,65912,0,0,0,0,0,0,0,0,0,0,0,0,0,0,0,0,0,0,0,0,0,0,0,0,0,0,0,0,0,0,0,0,0,0,0,0,0,0,0,0,0,0,0,0,0,0,0,0,0,0,0,0,0,0,0,0,0,0,0,0,0,0,0,0,0,0,0,0,0,0,0,0,0,0,0,0,0,0,0,0,0,0,0,0
197464,80336,41264,70912,109288,39328,84112,41336,72456,86504,38584,372272,50792,81632,90920,67928,84640,51712,94096,61488,86336,137408,92864,365552,190808,67352,32088,24208,28496,45920,77208,136672,94504,107240,86080,319248,133672,83408,80968,65400,84272,99488,127168,109584,96840,103752,111864,370216,187448,121088,94040,75464,66240,56816,59800,69048,81104,101704,115920,0,0,0,0,0,0,0,0,0,0,0,0,0,0,0,0,0,0,0,0,0,0,0,0,0,0,0,0,0,0,0,0,0,0,0,0,0,0,0,0,0,0,0,0,0,0,0,0,0,0,0,0,0,0,0,0,0,0,0,0,0,0,0,0,0,0,0,0,0,0,0,0,0,0,0,0,0,0,0,0,0,0,0,0
136368,84280,105016,83040,100776,67160,71392,94408,170952,98736,58160,334880,63272,95920,82520,53200,226752,143232,96608,67616,54728,56488,60584,325576,63960,63024,75000,89448,113392,84296,112504,86608,105816,79960,105320,367720,57792,64232,96112,132912,177392,110600,86816,74968,41464,50072,48776,340848,75560,100208,56456,83016,138360,83776,76192,44080,26504,31256,38624,0,0,0,0,0,0,0,0,0,0,0,0,0,0,0,0,0,0,0,0,0,0,0,0,0,0,0,0,0,0,0,0,0,0,0,0,0,0,0,0,0,0,0,0,0,0,0,0,0,0,0,0,0,0,0,0,0,0,0,0,0,0,0,0,0,0,0,0,0,0,0,0,0,0,0,0,0,0,0,0,0,0,0,0
134512,68904,71352,106440,65648,165464,63368,24312,38080,71480,28352,390664,50720,80952,43056,81048,33240,72672,42320,78992,49120,82488,54432,404688,49424,51760,85984,126032,80336,169264,80096,46800,57504,58992,84216,362264,84624,114792,165632,131288,115312,130304,146992,131200,126992,137560,115864,346744,123200,112352,131928,114328,212984,107448,115000,129976,144720,122496,116776,0,0,0,0,0,0,0,0,0,0,0,0,0,0,0,0,0,0,0,0,0,0,0,0,0,0,0,0,0,0,0,0,0,0,0,0,0,0,0,0,0,0,0,0,0,0,0,0,0,0,0,0,0,0,0,0,0,0,0,0,0,0,0,0,0,0,0,0,0,0,0,0,0,0,0,0,0,0,0,0,0,0,0,0
111600,104304,103344,101640,97264,92120,85808,82304,87216,83936,90576,130488,84848,95064,87296,98968,92056,96080,96704,85352,86448,86632,0,0,0,0,0,0,0,0,0,0,0,0,0,0,0,0,0,0,0,0,0,0,0,0,0,0,0,0,0,0,0,0,0,0,0,0,0,0,0,0,0,0,0,0,0,0,0,0,0,0,0,0,0,0,0,0,0,0,0,0,0,0,0,0,0,0,0,0,0,0,0,0,0,0,0,0,0,0,0,0,0,0,0,0,0,0,0,0,0,0,0,0,0,0,0,0,0,0,0,0,0,0,0,0,0,0,0,0,0,0,0,0,0,0,0,0,0,0,0,0,0
96832,78088,93432,73600,116064,103792,144880,75720,92616,77312,95960,204696,90648,81024,92984,77096,97680,76288,96552,74344,91248,68568,0,0,0,0,0,0,0,0,0,0,0,0,0,0,0,0,0,0,0,0,0,0,0,0,0,0,0,0,0,0,0,0,0,0,0,0,0,0,0,0,0,0,0,0,0,0,0,0,0,0,0,0,0,0,0,0,0,0,0,0,0,0,0,0,0,0,0,0,0,0,0,0,0,0,0,0,0,0,0,0,0,0,0,0,0,0,0,0,0,0,0,0,0,0,0,0,0,0,0,0,0,0,0,0,0,0,0,0,0,0,0,0,0,0,0,0,0,0,0,0,0
65736,52960,70168,49592,56296,48336,66848,51952,54552,69960,57320,164024,66584,60184,72624,73504,71208,86296,67624,83560,65624,88856,0,0,0,0,0,0,0,0,0,0,0,0,0,0,0,0,0,0,0,0,0,0,0,0,0,0,0,0,0,0,0,0,0,0,0,0,0,0,0,0,0,0,0,0,0,0,0,0,0,0,0,0,0,0,0,0,0,0,0,0,0,0,0,0,0,0,0,0,0,0,0,0,0,0,0,0,0,0,0,0,0,0,0,0,0,0,0,0,0,0,0,0,0,0,0,0,0,0,0,0,0,0,0,0,0,0,0,0,0,0,0,0,0,0,0,0,0,0,0,0,0
54136,49232,50112,54896,53552,51112,51112,54168,56872,55312,57768,132960,55808,48920,72024,49488,51192,50536,55536,55064,59872,60488,0,0,0,0,0,0,0,0,0,0,0,0,0,0,0,0,0,0,0,0,0,0,0,0,0,0,0,0,0,0,0,0,0,0,0,0,0,0,0,0,0,0,0,0,0,0,0,0,0,0,0,0,0,0,0,0,0,0,0,0,0,0,0,0,0,0,0,0,0,0,0,0,0,0,0,0,0,0,0,0,0,0,0,0,0,0,0,0,0,0,0,0,0,0,0,0,0,0,0,0,0,0,0,0,0,0,0,0,0,0,0,0,0,0,0,0,0,0,0,0,0
123040,114392,126336,131936,126648,125984,129472,155336,181248,153360,166376,385192,141064,119288,147096,130744,144776,123824,124640,123056,138304,122432,0,0,0,0,0,0,0,0,0,0,0,0,0,0,0,0,0,0,0,0,0,0,0,0,0,0,0,0,0,0,0,0,0,0,0,0,0,0,0,0,0,0,0,0,0,0,0,0,0,0,0,0,0,0,0,0,0,0,0,0,0,0,0,0,0,0,0,0,0,0,0,0,0,0,0,0,0,0,0,0,0,0,0,0,0,0,0,0,0,0,0,0,0,0,0,0,0,0,0,0,0,0,0,0,0,0,0,0,0,0,0,0,0,0,0,0,0,0,0,0,0
37008,37752,40104,44304,50488,46608,77768,43840,49872,52992,47288,174216,36904,40328,47824,36536,51400,35752,59712,41368,66896,50472,0,0,0,0,0,0,0,0,0,0,0,0,0,0,0,0,0,0,0,0,0,0,0,0,0,0,0,0,0,0,0,0,0,0,0,0,0,0,0,0,0,0,0,0,0,0,0,0,0,0,0,0,0,0,0,0,0,0,0,0,0,0,0,0,0,0,0,0,0,0,0,0,0,0,0,0,0,0,0,0,0,0,0,0,0,0,0,0,0,0,0,0,0,0,0,0,0,0,0,0,0,0,0,0,0,0,0,0,0,0,0,0,0,0,0,0,0,0,0,0,0
101888,91392,111000,82280,77912,87760,84752,88320,84816,100808,84392,298368,88632,92960,87216,127536,91952,79712,83480,77944,120584,71952,0,0,0,0,0,0,0,0,0,0,0,0,0,0,0,0,0,0,0,0,0,0,0,0,0,0,0,0,0,0,0,0,0,0,0,0,0,0,0,0,0,0,0,0,0,0,0,0,0,0,0,0,0,0,0,0,0,0,0,0,0,0,0,0,0,0,0,0,0,0,0,0,0,0,0,0,0,0,0,0,0,0,0,0,0,0,0,0,0,0,0,0,0,0,0,0,0,0,0,0,0,0,0,0,0,0,0,0,0,0,0,0,0,0,0,0,0,0,0,0,0
96808,88152,90368,93696,94776,94456,84768,80920,85272,115640,133984,250120,139832,156784,151928,155408,143944,145704,140752,238696,136472,136440,0,0,0,0,0,0,0,0,0,0,0,0,0,0,0,0,0,0,0,0,0,0,0,0,0,0,0,0,0,0,0,0,0,0,0,0,0,0,0,0,0,0,0,0,0,0,0,0,0,0,0,0,0,0,0,0,0,0,0,0,0,0,0,0,0,0,0,0,0,0,0,0,0,0,0,0,0,0,0,0,0,0,0,0,0,0,0,0,0,0,0,0,0,0,0,0,0,0,0,0,0,0,0,0,0,0,0,0,0,0,0,0,0,0,0,0,0,0,0,0,0
74800,68440,60184,70032,75008,79072,71984,69152,62688,77000,70360,224968,70912,74568,77800,89248,83064,84584,73656,86392,81216,102736,0,0,0,0,0,0,0,0,0,0,0,0,0,0,0,0,0,0,0,0,0,0,0,0,0,0,0,0,0,0,0,0,0,0,0,0,0,0,0,0,0,0,0,0,0,0,0,0,0,0,0,0,0,0,0,0,0,0,0,0,0,0,0,0,0,0,0,0,0,0,0,0,0,0,0,0,0,0,0,0,0,0,0,0,0,0,0,0,0,0,0,0,0,0,0,0,0,0,0,0,0,0,0,0,0,0,0,0,0,0,0,0,0,0,0,0,0,0,0,0,0
44752,46360,46024,60080,57296,59136,76984,61264,62400,67336,68280,175856,68384,75000,71872,83640,91632,90680,101336,97088,90416,0,0,0,0,0,0,0,0,0,0,0,0,0,0,0,0,0,0,0,0,0,0,0,0,0,0,0,0,0,0,0,0,0,0,0,0,0,0,0,0,0,0,0,0,0,0,0,0,0,0,0,0,0,0,0,0,0,0,0,0,0,0,0,0,0,0,0,0,0,0,0,0,0,0,0,0,0,0,0,0,0,0,0,0,0,0,0,0,0,0,0,0,0,0,0,0,0,0,0,0,0,0,0,0,0,0,0,0,0,0,0,0,0,0,0,0,0,0,0,0,0,0
119272,103928,115248,96968,89344,91880,98336,91744,104744,93176,94352,128968,79896,78848,80640,74216,96440,101280,108952,100680,96912,91048,0,0,0,0,0,0,0,0,0,0,0,0,0,0,0,0,0,0,0,0,0,0,0,0,0,0,0,0,0,0,0,0,0,0,0,0,0,0,0,0,0,0,0,0,0,0,0,0,0,0,0,0,0,0,0,0,0,0,0,0,0,0,0,0,0,0,0,0,0,0,0,0,0,0,0,0,0,0,0,0,0,0,0,0,0,0,0,0,0,0,0,0,0,0,0,0,0,0,0,0,0,0,0,0,0,0,0,0,0,0,0,0,0,0,0,0,0,0,0,0,0
63632,76112,64248,62656,63168,67848,61832,82568,62400,70520,69488,121960,63968,68944,62008,67288,74080,73728,76832,83656,64960,75584,0,0,0,0,0,0,0,0,0,0,0,0,0,0,0,0,0,0,0,0,0,0,0,0,0,0,0,0,0,0,0,0,0,0,0,0,0,0,0,0,0,0,0,0,0,0,0,0,0,0,0,0,0,0,0,0,0,0,0,0,0,0,0,0,0,0,0,0,0,0,0,0,0,0,0,0,0,0,0,0,0,0,0,0,0,0,0,0,0,0,0,0,0,0,0,0,0,0,0,0,0,0,0,0,0,0,0,0,0,0,0,0,0,0,0,0,0,0,0,0,0
59728,79624,10008,94264,8008,86744,87992,94400,98504,90104,90464,242920,86216,92536,100792,106536,119160,6760,130896,7680,124248,6984,0,0,0,0,0,0,0,0,0,0,0,0,0,0,0,0,0,0,0,0,0,0,0,0,0,0,0,0,0,0,0,0,0,0,0,0,0,0,0,0,0,0,0,0,0,0,0,0,0,0,0,0,0,0,0,0,0,0,0,0,0,0,0,0,0,0,0,0,0,0,0,0,0,0,0,0,0,0,0,0,0,0,0,0,0,0,0,0,0,0,0,0,0,0,0,0,0,0,0,0,0,0,0,0,0,0,0,0,0,0,0,0,0,0,0,0,0,0,0,0,0
46024,30728,53176,48232,49016,40312,46440,47032,45536,81088,56944,164464,44376,46784,39992,37808,41848,43416,50296,51080,72432,72520,0,0,0,0,0,0,0,0,0,0,0,0,0,0,0,0,0,0,0,0,0,0,0,0,0,0,0,0,0,0,0,0,0,0,0,0,0,0,0,0,0,0,0,0,0,0,0,0,0,0,0,0,0,0,0,0,0,0,0,0,0,0,0,0,0,0,0,0,0,0,0,0,0,0,0,0,0,0,0,0,0,0,0,0,0,0,0,0,0,0,0,0,0,0,0,0,0,0,0,0,0,0,0,0,0,0,0,0,0,0,0,0,0,0,0,0,0,0,0,0,0
64960,56936,75960,72216,72480,65584,66840,65520,73224,70448,76936,114504,75104,74496,78976,73488,78888,76272,79968,81192,80680,63568,0,0,0,0,0,0,0,0,0,0,0,0,0,0,0,0,0,0,0,0,0,0,0,0,0,0,0,0,0,0,0,0,0,0,0,0,0,0,0,0,0,0,0,0,0,0,0,0,0,0,0,0,0,0,0,0,0,0,0,0,0,0,0,0,0,0,0,0,0,0,0,0,0,0,0,0,0,0,0,0,0,0,0,0,0,0,0,0,0,0,0,0,0,0,0,0,0,0,0,0,0,0,0,0,0,0,0,0,0,0,0,0,0,0,0,0,0,0,0,0,0
124088,101136,122056,97320,96672,99632,99320,102488,101184,95024,107608,341752,98664,96992,107872,106824,107920,97616,107640,103952,101856,112176,0,0,0,0,0,0,0,0,0,0,0,0,0,0,0,0,0,0,0,0,0,0,0,0,0,0,0,0,0,0,0,0,0,0,0,0,0,0,0,0,0,0,0,0,0,0,0,0,0,0,0,0,0,0,0,0,0,0,0,0,0,0,0,0,0,0,0,0,0,0,0,0,0,0,0,0,0,0,0,0,0,0,0,0,0,0,0,0,0,0,0,0,0,0,0,0,0,0,0,0,0,0,0,0,0,0,0,0,0,0,0,0,0,0,0,0,0,0,0,0,0
58528,56312,58544,54584,57016,54592,56232,52712,53248,50520,54152,137424,56216,55776,55504,57496,58736,63592,65864,57144,67720,63088,0,0,0,0,0,0,0,0,0,0,0,0,0,0,0,0,0,0,0,0,0,0,0,0,0,0,0,0,0,0,0,0,0,0,0,0,0,0,0,0,0,0,0,0,0,0,0,0,0,0,0,0,0,0,0,0,0,0,0,0,0,0,0,0,0,0,0,0,0,0,0,0,0,0,0,0,0,0,0,0,0,0,0,0,0,0,0,0,0,0,0,0,0,0,0,0,0,0,0,0,0,0,0,0,0,0,0,0,0,0,0,0,0,0,0,0,0,0,0,0,0
17008,15328,15656,14208,14288,14752,14936,16512,17968,20168,29448,65648,21592,19080,18264,17200,15864,14680,18112,19528,20216,18816,0,0,0,0,0,0,0,0,0,0,0,0,0,0,0,0,0,0,0,0,0,0,0,0,0,0,0,0,0,0,0,0,0,0,0,0,0,0,0,0,0,0,0,0,0,0,0,0,0,0,0,0,0,0,0,0,0,0,0,0,0,0,0,0,0,0,0,0,0,0,0,0,0,0,0,0,0,0,0,0,0,0,0,0,0,0,0,0,0,0,0,0,0,0,0,0,0,0,0,0,0,0,0,0,0,0,0,0,0,0,0,0,0,0,0,0,0,0,0,0,0
36280,36920,36448,35144,34840,40000,38048,34768,35320,37640,36632,73944,33976,32456,28608,34000,32400,30632,30896,31112,31016,31560,0,0,0,0,0,0,0,0,0,0,0,0,0,0,0,0,0,0,0,0,0,0,0,0,0,0,0,0,0,0,0,0,0,0,0,0,0,0,0,0,0,0,0,0,0,0,0,0,0,0,0,0,0,0,0,0,0,0,0,0,0,0,0,0,0,0,0,0,0,0,0,0,0,0,0,0,0,0,0,0,0,0,0,0,0,0,0,0,0,0,0,0,0,0,0,0,0,0,0,0,0,0,0,0,0,0,0,0,0,0,0,0,0,0,0,0,0,0,0,0,0
108360,8840,66328,80296,75864,73376,80952,75152,96528,73848,89296,339504,49656,69920,4736,52792,54552,55352,54896,49168,62816,58048,0,0,0,0,0,0,0,0,0,0,0,0,0,0,0,0,0,0,0,0,0,0,0,0,0,0,0,0,0,0,0,0,0,0,0,0,0,0,0,0,0,0,0,0,0,0,0,0,0,0,0,0,0,0,0,0,0,0,0,0,0,0,0,0,0,0,0,0,0,0,0,0,0,0,0,0,0,0,0,0,0,0,0,0,0,0,0,0,0,0,0,0,0,0,0,0,0,0,0,0,0,0,0,0,0,0,0,0,0,0,0,0,0,0,0,0,0,0,0,0,0
37072,28960,30992,29040,28192,34528,38064,36672,40520,45296,53368,266648,53432,66576,69856,77744,96448,97824,89776,90696,69200,64792,71192,265104,64936,64056,65992,67840,68856,56600,61608,63760,55336,48704,44776,273664,34272,42056,41056,41464,38664,39856,49832,57752,65560,71480,94888,258576,104336,102360,100848,102408,103792,105504,104048,108792,108224,107536,101936,249200,101880,109968,103088,98712,99128,105320,101176,94544,95336,89328,83648,235912,72592,80056,76928,79800,69296,64712,64608,66672,69928,69448,71488,237952,64472,63832,47912,58152,42776,51488,67496,65888,69160,68832,73600,237288,48504,52656,62344,68872,68800,65880,65264,67888,75168,78544,78072,238384,70448,70144,64912,67912,0,0,0,0,0,0,0,0,0,0,0,0,0,0,0,0,0,0,0,0,0,0,0,0,0,0,0,0,0,0,0
24312,21608,18136,19368,27768,19104,19440,15584,16152,15856,15320,246504,13712,10976,13056,15224,13184,16328,31848,25272,24384,16088,19000,245464,14704,11656,12064,10264,13344,13640,14240,10248,11976,17552,23408,244792,14608,14424,15032,15792,17688,19840,19064,25384,24224,24536,26296,244888,50800,32656,28736,29088,34072,33088,33208,28392,24512,22368,27632,249288,32816,31248,31688,30776,30072,29640,30144,33784,29320,28688,29448,247064,32168,33840,36824,44600,44688,47232,57936,60104,54952,64856,68864,233632,80832,92680,92736,107360,114960,113128,105040,132320,115592,112248,114096,223096,100776,111904,119208,103808,116928,108464,104976,95856,88464,93776,88784,245360,80808,96664,0,0,0,0,0,0,0,0,0,0,0,0,0,0,0,0,0,0,0,0,0,0,0,0,0,0,0,0,0,0,0,0,0
74016,83672,81320,81624,81072,82040,82960,88032,88456,95424,91000,239104,88784,94536,90128,117200,107520,112880,109728,112944,107808,107816,110328,230328,103096,110784,102648,108256,110016,99416,91016,88424,83536,80488,79568,233120,63256,61272,56216,74496,68864,75176,79576,77752,72416,73800,83488,223880,77184,89256,87440,89344,89480,88264,91792,89976,83768,92024,88472,233400,63544,67760,66888,75632,65976,63648,70744,73936,71944,74472,73632,231904,72152,74912,61024,62384,55608,62288,62112,65896,56984,57408,53360,230320,47800,54952,45248,61392,58000,59168,56000,56136,60024,66456,63200,233696,45552,61104,57416,54072,53048,46696,45240,50880,47912,45680,49936,0,0,0,0,0,0,0,0,0,0,0,0,0,0,0,0,0,0,0,0,0,0,0,0,0,0,0,0,0,0,0,0,0,0,0,0
80656,64144,42760,67072,60432,63888,59768,64752,56208,61304,57672,268160,57248,63640,87568,98504,101352,108672,101832,103536,93624,92336,103144,254056,99032,96976,92696,98952,99912,99696,99840,98888,97048,76728,79576,241936,82624,75472,74408,72016,68432,68776,54800,67376,71088,66608,65176,253248,48440,57432,61688,59056,59160,61904,63280,52024,50808,54544,52688,249592,58384,69168,68192,75128,70952,73640,75480,88920,88208,90048,86848,239616,83544,88008,90832,89624,93552,90736,92168,96672,100136,94824,90040,240440,82264,77456,74648,76744,75304,78656,73256,76392,71000,70056,73616,236392,64624,68304,64784,63016,65408,66272,63216,61592,54984,60664,61952,235608,57032,58008,63232,58272,54696,53800,49104,87696,59736,57576,49096,241128,46456,55304,0,0,0,0,0,0,0,0,0,0,0,0,0,0,0,0,0,0,0,0,0
70056,71896,61568,63904,60248,64632,56392,62040,58400,57752,63448,267312,85128,97728,101824,109088,102944,103208,94088,91760,102936,100104,101232,248904,91744,98056,100168,98200,99888,97736,96888,76936,79000,96336,87264,247336,71384,72368,68440,68624,55144,66712,71840,66600,64152,65200,56224,250600,53888,60312,57152,60280,63048,51448,50128,53976,51960,58688,69384,247176,60456,74632,68648,73464,75000,89032,87448,89808,86184,91584,88344,239552,86288,88656,93808,89984,92432,97672,99816,94824,90248,90776,89680,240880,69600,74320,75568,78016,72904,76384,70112,69800,72952,71568,70728,237744,57984,62400,65648,65616,62528,60224,55248,60752,62200,63000,66816,235792,55568,57328,53512,53456,49304,87392,59880,58280,48928,53072,52048,239808,48368,0,0,0,0,0,0,0,0,0,0,0,0,0,0,0,0,0,0,0,0,0,0
57400,28368,26200,27704,23568,23304,34896,46032,34072,34632,37304,260424,32096,37448,33568,41120,50392,50496,51512,51152,49352,48992,52864,261336,52240,58272,53832,56008,61112,56240,49432,90984,60728,70784,64648,266424,64344,60096,68392,61760,63096,73744,72928,70320,74448,73472,67504,258384,58904,60248,55832,51400,49984,43680,39920,40688,45496,43592,46560,261944,42056,42488,40720,38864,38616,35216,38264,36720,36424,37728,44160,261968,34968,38640,37936,38600,42376,43640,47744,55792,50664,55608,57688,244720,59576,62168,63880,64144,59200,47712,45848,50528,47608,48400,43944,248352,44512,51272,50080,43552,44584,44856,40136,55544,58520,60344,53560,247624,39368,53392,63440,63032,65872,63328,52776,50808,50296,50600,47096,245856,42584,42776,44264,46048,53776,52144,0,0,0,0,0,0,0,0,0,0,0,0,0,0,0,0,0
64344,63096,55288,56880,50312,54456,50296,73104,53984,59192,46760,302592,49792,63048,56280,57736,57784,63320,52112,55952,52056,57040,49744,307808,48376,58256,55736,58568,53240,55272,50904,83088,45128,53256,56872,313040,46880,63272,56688,58168,47728,57280,51336,54600,49520,52976,46616,308328,45648,56952,50984,51656,50232,54640,52984,79304,53632,60056,53720,0,0,0,0,0,0,0,0,0,0,0,0,0,0,0,0,0,0,0,0,0,0,0,0,0,0,0,0,0,0,0,0,0,0,0,0,0,0,0,0,0,0,0,0,0,0,0,0,0,0,0,0,0,0,0,0,0,0,0,0,0,0,0,0,0,0,0,0,0,0,0,0,0,0,0,0,0,0,0,0,0,0,0,0
67080,57288,74128,60648,57944,52184,41576,34464,44320,51968,56592,291896,47448,48384,49296,49880,55808,53208,57600,49600,57000,53896,55384,294688,50904,55560,80576,65208,61024,47632,40952,45864,56240,55576,58120,299440,45240,43288,56672,55576,61024,56800,59864,46912,53896,50040,52624,294336,43336,49200,81040,67656,50208,37048,31960,28712,32312,37680,46216,0,0,0,0,0,0,0,0,0,0,0,0,0,0,0,0,0,0,0,0,0,0,0,0,0,0,0,0,0,0,0,0,0,0,0,0,0,0,0,0,0,0,0,0,0,0,0,0,0,0,0,0,0,0,0,0,0,0,0,0,0,0,0,0,0,0,0,0,0,0,0,0,0,0,0,0,0,0,0,0,0,0,0,0
78728,67280,68384,57096,64192,62376,70288,59576,63328,54608,62960,296264,56736,61808,92104,71064,66256,67952,74672,66128,71720,63952,70416,308408,60496,57456,66704,60416,62528,54128,60544,59240,69960,60184,62248,310528,55352,62160,91480,65120,67736,56984,49880,53896,63816,58624,62272,304768,51384,54864,58752,57144,60744,51552,59688,58064,61176,59456,56664,0,0,0,0,0,0,0,0,0,0,0,0,0,0,0,0,0,0,0,0,0,0,0,0,0,0,0,0,0,0,0,0,0,0,0,0,0,0,0,0,0,0,0,0,0,0,0,0,0,0,0,0,0,0,0,0,0,0,0,0,0,0,0,0,0,0,0,0,0,0,0,0,0,0,0,0,0,0,0,0,0,0,0,0
66880,85624,61128,57040,56448,60864,52152,52880,53008,60144,53144,297160,47856,60176,49840,53320,53992,58608,50832,49992,52416,55744,52624,298160,51168,86216,59864,63136,52232,56392,51032,58704,50888,52064,46984,304056,46904,61088,52192,55904,44712,53304,55448,61376,51312,50376,48688,301504,46656,66416,54096,60368,59968,49640,36312,30264,35104,39528,49968,0,0,0,0,0,0,0,0,0,0,0,0,0,0,0,0,0,0,0,0,0,0,0,0,0,0,0,0,0,0,0,0,0,0,0,0,0,0,0,0,0,0,0,0,0,0,0,0,0,0,0,0,0,0,0,0,0,0,0,0,0,0,0,0,0,0,0,0,0,0,0,0,0,0,0,0,0,0,0,0,0,0,0,0
70136,61672,51872,58920,55088,62720,57944,59032,56016,60880,58248,289488,58312,59344,59712,67424,55816,62184,56584,61736,57720,62072,57040,296096,51456,55968,53744,60480,51296,47520,50704,54320,48880,50784,50928,301696,49608,57376,46384,55040,49648,57792,50936,53160,44832,50792,52048,300392,45232,52184,43616,49128,50360,54872,47744,48336,50384,52504,51376,0,0,0,0,0,0,0,0,0,0,0,0,0,0,0,0,0,0,0,0,0,0,0,0,0,0,0,0,0,0,0,0,0,0,0,0,0,0,0,0,0,0,0,0,0,0,0,0,0,0,0,0,0,0,0,0,0,0,0,0,0,0,0,0,0,0,0,0,0,0,0,0,0,0,0,0,0,0,0,0,0,0,0,0
156712,162160,142568,154536,148928,164352,140088,151280,168840,154576,148512,364000,145248,148264,154328,132656,147984,144336,149280,146376,155424,153632,150512,393888,146104,130448,150296,137920,151552,146104,144952,112848,138968,152392,136016,371680,131176,148112,172160,131896,118944,132272,109496,111912,178736,134816,112152,333080,132040,106096,149512,126720,122456,121128,115832,138424,118088,146000,148776,0,0,0,0,0,0,0,0,0,0,0,0,0,0,0,0,0,0,0,0,0,0,0,0,0,0,0,0,0,0,0,0,0,0,0,0,0,0,0,0,0,0,0,0,0,0,0,0,0,0,0,0,0,0,0,0,0,0,0,0,0,0,0,0,0,0,0,0,0,0,0,0,0,0,0,0,0,0,0,0,0,0,0,0
51256,11984,3784,148160,146168,160168,163904,175624,162664,162440,141504,255848,184968,166440,161344,179088,177688,161776,183656,184288,178368,168056,156200,249712,172632,175936,156424,163568,168720,176088,170040,174296,163240,170744,170544,271144,190360,191432,170856,195200,194920,197984,183120,183104,176464,182840,180032,249960,170760,173656,174440,182720,171416,169920,155184,147176,143064,144488,123928,0,0,0,0,0,0,0,0,0,0,0,0,0,0,0,0,0,0,0,0,0,0,0,0,0,0,0,0,0,0,0,0,0,0,0,0,0,0,0,0,0,0,0,0,0,0,0,0,0,0,0,0,0,0,0,0,0,0,0,0,0,0,0,0,0,0,0,0,0,0,0,0,0,0,0,0,0,0,0,0,0,0,0,0
193392,169904,160136,156256,157328,149832,156664,152808,149600,147288,149152,239944,178952,164416,169000,156856,163584,169216,166712,156096,155352,142456,144280,250464,164088,154144,146760,142808,143080,139104,150744,153128,148392,150008,151544,247032,152128,155584,148872,156568,156784,159488,169352,163928,168704,166992,158272,257528,159856,160984,158704,160704,154488,151520,157200,157600,173464,169240,171872,0,0,0,0,0,0,0,0,0,0,0,0,0,0,0,0,0,0,0,0,0,0,0,0,0,0,0,0,0,0,0,0,0,0,0,0,0,0,0,0,0,0,0,0,0,0,0,0,0,0,0,0,0,0,0,0,0,0,0,0,0,0,0,0,0,0,0,0,0,0,0,0,0,0,0,0,0,0,0,0,0,0,0,0
74664,81528,77912,77032,76504,89880,88528,85112,81176,80992,77392,150912,82136,82160,80536,81000,80808,75152,78664,75896,82744,114464,90984,148016,90536,95048,80984,83664,81704,78240,83456,86760,85976,86024,82184,142000,87320,85024,90920,88736,82328,91216,79088,87280,83728,118016,86744,160520,91272,89712,85176,84504,88632,94160,90360,90920,94104,87800,89784,0,0,0,0,0,0,0,0,0,0,0,0,0,0,0,0,0,0,0,0,0,0,0,0,0,0,0,0,0,0,0,0,0,0,0,0,0,0,0,0,0,0,0,0,0,0,0,0,0,0,0,0,0,0,0,0,0,0,0,0,0,0,0,0,0,0,0,0,0,0,0,0,0,0,0,0,0,0,0,0,0,0,0,0
150624,136872,140240,148392,139808,134608,139824,133928,141696,131168,141528,223464,131640,131808,134936,130328,124256,117832,126880,132392,131224,127952,118392,207352,119216,119232,126080,124400,127344,129096,123984,122576,133888,116312,114024,209776,130560,121712,116928,116504,115984,115008,110280,109224,108840,105896,114712,214952,126720,123992,127056,132760,135824,126480,124816,112520,181056,125664,130728,0,0,0,0,0,0,0,0,0,0,0,0,0,0,0,0,0,0,0,0,0,0,0,0,0,0,0,0,0,0,0,0,0,0,0,0,0,0,0,0,0,0,0,0,0,0,0,0,0,0,0,0,0,0,0,0,0,0,0,0,0,0,0,0,0,0,0,0,0,0,0,0,0,0,0,0,0,0,0,0,0,0,0,0
11584,4816,2360,1808,38592,5704,43504,10096,57496,10360,67584,155304,67152,13728,80560,7584,78544,7960,72496,7624,72096,8064,74096,173776,71232,9096,70352,6488,75704,7944,74440,7592,74944,7720,71904,176584,66408,7984,70632,7312,72800,8176,71120,7328,72096,7400,74840,183432,73184,8768,74528,7416,75600,8240,73216,7432,67592,6440,3568,0,0,0,0,0,0,0,0,0,0,0,0,0,0,0,0,0,0,0,0,0,0,0,0,0,0,0,0,0,0,0,0,0,0,0,0,0,0,0,0,0,0,0,0,0,0,0,0,0,0,0,0,0,0,0,0,0,0,0,0,0,0,0,0,0,0,0,0,0,0,0,0,0,0,0,0,0,0,0,0,0,0,0,0
11632,6104,95280,90256,7480,4032,94112,101360,8856,115304,8544,167040,5392,111904,152200,9280,5136,117984,113984,8384,125600,136296,9992,179608,4592,128848,118368,8720,148888,10416,112680,123112,118224,8488,122344,157112,116920,7344,116920,112808,8632,116472,112792,8184,112600,114056,8600,164960,130512,7488,123656,105928,8040,98304,101376,6256,99416,105624,7792,0,0,0,0,0,0,0,0,0,0,0,0,0,0,0,0,0,0,0,0,0,0,0,0,0,0,0,0,0,0,0,0,0,0,0,0,0,0,0,0,0,0,0,0,0,0,0,0,0,0,0,0,0,0,0,0,0,0,0,0,0,0,0,0,0,0,0,0,0,0,0,0,0,0,0,0,0,0,0,0,0,0,0,0
22976,24792,28832,27912,31280,31608,30744,22584,48496,31928,36288,122632,29736,27960,27968,27008,30856,32872,30400,26632,33664,26600,28552,121032,36016,32600,30408,33208,36536,28920,29960,28600,43416,33552,32224,122080,34336,28040,30768,31896,32624,28632,28392,27672,26624,22688,25712,122128,30232,28184,28296,26552,28632,25592,27864,31728,38960,26976,26960,122664,32104,30024,31600,25736,0,0,0,0,0,0,0,0,0,0,0,0,0,0,0,0,0,0,0,0,0,0,0,0,0,0,0,0,0,0,0,0,0,0,0,0,0,0,0,0,0,0,0,0,0,0,0,0,0,0,0,0,0,0,0,0,0,0,0,0,0,0,0,0,0,0,0,0,0,0,0,0,0,0,0,0,0,0,0
60384,89336,74592,78736,92656,91136,80320,85016,80328,85904,88008,154400,83984,86800,90904,76360,78672,92536,82320,91128,73760,79016,82240,130288,76184,93416,85696,92112,80048,90768,80360,95448,79808,77344,76560,128904,85520,91912,84744,92664,92816,96424,84040,83112,89624,177560,120288,147768,77400,104528,96840,85808,85472,86376,106888,101512,77752,92952,110216,155312,116104,91312,89808,126816,0,0,0,0,0,0,0,0,0,0,0,0,0,0,0,0,0,0,0,0,0,0,0,0,0,0,0,0,0,0,0,0,0,0,0,0,0,0,0,0,0,0,0,0,0,0,0,0,0,0,0,0,0,0,0,0,0,0,0,0,0,0,0,0,0,0,0,0,0,0,0,0,0,0,0,0,0,0,0
94208,83016,134040,93064,103056,86840,83352,75160,83000,84608,92504,137536,97608,71752,94288,82056,93768,78032,82184,80792,89368,86016,91000,126960,88784,85336,95664,85368,99160,95888,102072,90712,87696,75120,83480,126032,92376,91672,93248,86392,86648,80528,90408,90024,96872,95456,101032,132704,96984,87320,106536,102232,111520,95496,94536,89576,95208,97752,98200,136896,87152,84632,94296,84232,0,0,0,0,0,0,0,0,0,0,0,0,0,0,0,0,0,0,0,0,0,0,0,0,0,0,0,0,0,0,0,0,0,0,0,0,0,0,0,0,0,0,0,0,0,0,0,0,0,0,0,0,0,0,0,0,0,0,0,0,0,0,0,0,0,0,0,0,0,0,0,0,0,0,0,0,0,0,0
109464,117232,123648,119480,117800,114176,111240,120896,104960,146768,115808,150424,111064,101096,108696,119104,104088,108880,101632,114216,107816,114136,107336,162824,108488,113584,107600,117952,112408,105240,105336,120392,108816,121856,111448,140376,112136,125144,122656,130008,112352,118192,113840,103752,103232,125344,119552,156720,120152,122560,114848,111176,103000,114224,108008,113536,109344,123032,109456,141624,115704,126200,117024,121488,0,0,0,0,0,0,0,0,0,0,0,0,0,0,0,0,0,0,0,0,0,0,0,0,0,0,0,0,0,0,0,0,0,0,0,0,0,0,0,0,0,0,0,0,0,0,0,0,0,0,0,0,0,0,0,0,0,0,0,0,0,0,0,0,0,0,0,0,0,0,0,0,0,0,0,0,0,0,0
85624,71856,86464,83008,82288,123416,92368,73512,83096,64696,79128,152440,94848,82984,81736,75240,72752,68880,87880,74120,77304,72504,88776,133856,84496,89888,88288,82288,80768,84664,93840,81024,89448,97544,72624,153456,89888,92872,86032,74544,75608,76448,105936,78784,79896,88744,75728,164256,106072,82944,118568,89784,85944,90648,101504,81568,93240,112832,98416,157960,93408,100152,102064,91264,0,0,0,0,0,0,0,0,0,0,0,0,0,0,0,0,0,0,0,0,0,0,0,0,0,0,0,0,0,0,0,0,0,0,0,0,0,0,0,0,0,0,0,0,0,0,0,0,0,0,0,0,0,0,0,0,0,0,0,0,0,0,0,0,0,0,0,0,0,0,0,0,0,0,0,0,0,0,0
110952,101256,102040,93600,97200,119952,142280,120808,121872,96944,118128,153072,96360,101168,111416,86560,89568,89224,98864,91624,108232,99048,100232,156808,88032,93688,118968,87888,104480,98864,93448,105112,79456,102944,96760,167680,94120,72760,113352,88808,78000,84616,106976,85160,97256,99568,100216,153128,74336,88896,98344,94864,100200,68216,96792,80688,102776,101032,123008,156984,73312,69512,79152,83240,0,0,0,0,0,0,0,0,0,0,0,0,0,0,0,0,0,0,0,0,0,0,0,0,0,0,0,0,0,0,0,0,0,0,0,0,0,0,0,0,0,0,0,0,0,0,0,0,0,0,0,0,0,0,0,0,0,0,0,0,0,0,0,0,0,0,0,0,0,0,0,0,0,0,0,0,0,0,0
94120,91000,84064,71832,76528,78296,81992,73304,75912,87832,84576,189480,75256,73048,92304,91104,90904,85184,72280,80432,89728,91568,89104,183848,72920,79120,88016,74144,76296,69128,69368,79080,90528,84000,83632,174832,95408,85192,95056,85128,77600,75864,76144,78328,78984,86568,90704,158504,84832,84824,84296,84096,86024,72272,85272,83712,86544,75512,108784,168008,67192,74752,86520,82416,0,0,0,0,0,0,0,0,0,0,0,0,0,0,0,0,0,0,0,0,0,0,0,0,0,0,0,0,0,0,0,0,0,0,0,0,0,0,0,0,0,0,0,0,0,0,0,0,0,0,0,0,0,0,0,0,0,0,0,0,0,0,0,0,0,0,0,0,0,0,0,0,0,0,0,0,0,0,0
117632,109312,109096,101552,97416,136088,95680,94248,107200,118040,122848,212152,109736,103448,102056,109464,110984,111640,99920,91680,104432,103304,100656,175264,97984,94328,94416,93192,89520,118736,95512,94168,91056,85512,85664,148984,81760,71488,65928,69896,80504,81808,84480,89144,92568,102112,97016,165416,84504,93264,100128,120536,113992,105144,93504,108232,99680,90520,96208,172216,95400,94360,104080,101336,0,0,0,0,0,0,0,0,0,0,0,0,0,0,0,0,0,0,0,0,0,0,0,0,0,0,0,0,0,0,0,0,0,0,0,0,0,0,0,0,0,0,0,0,0,0,0,0,0,0,0,0,0,0,0,0,0,0,0,0,0,0,0,0,0,0,0,0,0,0,0,0,0,0,0,0,0,0,0
241784,206832,206016,204544,212128,201800,218024,212800,207736,221976,211640,382632,195856,194800,198808,191920,190912,184456,206416,183216,183568,174256,176152,346416,187168,178696,170632,169728,177768,165776,175632,174288,182992,180408,179080,343512,176456,168992,160680,153584,147224,135920,154944,134616,135128,127000,121872,252944,110408,108544,112344,109576,109680,107656,106680,114032,108808,113536,110736,241912,114896,110432,113312,114840,0,0,0,0,0,0,0,0,0,0,0,0,0,0,0,0,0,0,0,0,0,0,0,0,0,0,0,0,0,0,0,0,0,0,0,0,0,0,0,0,0,0,0,0,0,0,0,0,0,0,0,0,0,0,0,0,0,0,0,0,0,0,0,0,0,0,0,0,0,0,0,0,0,0,0,0,0,0,0
67464,39888,43584,40984,49344,46720,36800,63608,53544,67816,40944,273592,30112,40840,34872,30904,32936,44640,37592,45344,63832,85648,59928,270224,32568,24600,51968,30376,40144,45952,39880,55624,75200,53552,51272,267120,67296,59696,72008,77848,88232,104152,92608,85608,80056,97112,70376,271344,53784,63752,54672,63816,54072,44592,59776,37800,46464,48008,46552,272744,71928,58976,47504,32336,0,0,0,0,0,0,0,0,0,0,0,0,0,0,0,0,0,0,0,0,0,0,0,0,0,0,0,0,0,0,0,0,0,0,0,0,0,0,0,0,0,0,0,0,0,0,0,0,0,0,0,0,0,0,0,0,0,0,0,0,0,0,0,0,0,0,0,0,0,0,0,0,0,0,0,0,0,0,0
10656,104576,103280,73880,78664,63992,67952,63000,63744,66632,74240,153376,61992,60024,69216,71448,67776,98728,100592,105144,131784,94088,123304,130912,115440,113488,111072,101096,81576,83136,78000,71064,71616,63208,66304,139624,65392,63520,65520,66472,75112,70800,99440,105024,104608,119184,77168,119248,73680,110520,116864,107072,104584,80280,83040,72520,73896,66888,80488,131736,74144,78560,78392,8592,0,0,0,0,0,0,0,0,0,0,0,0,0,0,0,0,0,0,0,0,0,0,0,0,0,0,0,0,0,0,0,0,0,0,0,0,0,0,0,0,0,0,0,0,0,0,0,0,0,0,0,0,0,0,0,0,0,0,0,0,0,0,0,0,0,0,0,0,0,0,0,0,0,0,0,0,0,0,0
54528,43488,56720,83848,60936,51976,64336,85248,70984,65064,62752,97904,77784,101064,70968,64104,72432,82896,106664,111152,92640,80208,64152,132448,60168,72344,76880,100328,79112,65552,54264,64888,78992,97936,78840,138664,49824,60400,69296,89040,71848,59760,68544,95944,91448,67880,55792,119104,64032,84808,67512,51832,43976,52376,58864,82488,63960,53040,57576,135832,63728,52272,61088,78408,0,0,0,0,0,0,0,0,0,0,0,0,0,0,0,0,0,0,0,0,0,0,0,0,0,0,0,0,0,0,0,0,0,0,0,0,0,0,0,0,0,0,0,0,0,0,0,0,0,0,0,0,0,0,0,0,0,0,0,0,0,0,0,0,0,0,0,0,0,0,0,0,0,0,0,0,0,0,0
138488,130248,139712,139768,181856,142472,142312,190408,142592,143504,192224,310136,139408,190832,139936,135008,183136,127680,130368,133656,163640,131832,194096,278232,125552,127608,131024,177416,135960,144312,141728,125768,165384,146096,145336,302568,135592,158208,151904,157976,159616,155256,153616,155616,172160,153480,146480,303720,150680,153352,140336,150496,146464,158136,142264,145560,164136,147856,155712,286600,133472,137344,153360,134928,0,0,0,0,0,0,0,0,0,0,0,0,0,0,0,0,0,0,0,0,0,0,0,0,0,0,0,0,0,0,0,0,0,0,0,0,0,0,0,0,0,0,0,0,0,0,0,0,0,0,0,0,0,0,0,0,0,0,0,0,0,0,0,0,0,0,0,0,0,0,0,0,0,0,0,0,0,0,0
88888,96752,72176,42368,68256,78656,93784,87344,81232,92304,82584,261928,76600,92960,83760,75248,87568,79664,75744,89968,92848,89920,94472,250424,72640,84768,76784,54424,72416,142752,97424,88504,102832,104104,108208,266040,48312,78392,91968,107448,108448,85024,100256,103624,111184,94200,86496,262064,91080,94968,96712,77960,81816,86688,91880,81600,52664,58856,76240,270000,76464,98272,83280,49400,36504,43664,73288,66128,72792,0,0,0,0,0,0,0,0,0,0,0,0,0,0,0,0,0,0,0,0,0,0,0,0,0,0,0,0,0,0,0,0,0,0,0,0,0,0,0,0,0,0,0,0,0,0,0,0,0,0,0,0,0,0,0,0,0,0,0,0,0,0,0,0,0,0,0,0,0,0,0,0,0,0
101688,98232,94216,81048,84856,78632,83040,91928,80600,83320,87072,249288,71976,76352,76424,76000,95344,95088,86584,90936,93120,84512,94056,250248,90816,92784,90000,88240,88096,94128,98112,95384,95008,97944,98536,250184,74912,81144,81048,81536,93496,79584,68368,63376,70768,64464,71920,258208,52144,58968,34536,39928,49160,57696,57224,63608,62392,65160,53104,268752,36672,54056,54680,61648,61368,60104,56240,47704,27960,0,0,0,0,0,0,0,0,0,0,0,0,0,0,0,0,0,0,0,0,0,0,0,0,0,0,0,0,0,0,0,0,0,0,0,0,0,0,0,0,0,0,0,0,0,0,0,0,0,0,0,0,0,0,0,0,0,0,0,0,0,0,0,0,0,0,0,0,0,0,0,0,0,0
25632,20032,19496,19888,23272,22496,24160,20472,24200,21448,27472,106112,23440,23424,22080,19968,17392,21832,16552,14160,20344,17296,20248,106224,17936,21520,23464,22440,18160,24760,23672,22160,25880,20536,25920,106864,25520,26840,28376,29760,23544,25648,27632,26040,26336,25592,26272,106456,23400,24072,25568,22640,22368,25968,25392,55888,34512,26504,22712,108288,23232,25312,25304,24704,25512,26216,27136,27272,28112,0,0,0,0,0,0,0,0,0,0,0,0,0,0,0,0,0,0,0,0,0,0,0,0,0,0,0,0,0,0,0,0,0,0,0,0,0,0,0,0,0,0,0,0,0,0,0,0,0,0,0,0,0,0,0,0,0,0,0,0,0,0,0,0,0,0,0,0,0,0,0,0,0,0
3360,18192,6320,7424,6272,4744,7144,5912,4600,5568,5312,103384,7392,6328,4632,4760,5008,3696,5136,5360,5256,5144,5576,103576,8616,6896,7776,5344,5800,8536,7576,7832,6496,6368,10488,104200,8576,8648,7816,9256,8792,10064,6336,6928,7456,6040,6448,105208,9240,6912,8352,7392,6832,9168,6856,7072,7688,7216,16416,98848,18208,14704,10792,12304,9528,12184,9392,13976,9656,0,0,0,0,0,0,0,0,0,0,0,0,0,0,0,0,0,0,0,0,0,0,0,0,0,0,0,0,0,0,0,0,0,0,0,0,0,0,0,0,0,0,0,0,0,0,0,0,0,0,0,0,0,0,0,0,0,0,0,0,0,0,0,0,0,0,0,0,0,0,0,0,0,0
75480,41960,38784,37792,34432,32064,31128,32688,31840,30304,28848,225008,31544,34104,34928,37248,36944,37224,39232,37808,37472,37392,39400,228104,39928,41296,40984,42720,40944,40008,40984,40744,40384,41424,40032,230128,37888,38000,39320,38216,36944,38384,38776,38984,38464,36832,34880,224624,35432,36448,34048,31552,32824,31368,30240,32008,31464,31240,34528,222048,34464,35720,35832,38776,38672,42048,44608,46592,46632,0,0,0,0,0,0,0,0,0,0,0,0,0,0,0,0,0,0,0,0,0,0,0,0,0,0,0,0,0,0,0,0,0,0,0,0,0,0,0,0,0,0,0,0,0,0,0,0,0,0,0,0,0,0,0,0,0,0,0,0,0,0,0,0,0,0,0,0,0,0,0,0,0,0
78528,46664,44240,44456,42056,38864,37560,34912,34736,34560,33704,241552,32272,33096,37304,37416,40408,40496,39936,37136,38816,39448,42392,239432,28360,30080,29336,29080,30328,29752,29280,28224,28848,30248,32048,237312,30528,34192,34240,33720,34240,33552,35224,35056,35648,34968,34576,239152,31752,31400,31088,32928,34040,34272,35632,34776,35576,37280,35064,231896,34992,40408,42072,42552,45216,47248,47664,48192,50592,0,0,0,0,0,0,0,0,0,0,0,0,0,0,0,0,0,0,0,0,0,0,0,0,0,0,0,0,0,0,0,0,0,0,0,0,0,0,0,0,0,0,0,0,0,0,0,0,0,0,0,0,0,0,0,0,0,0,0,0,0,0,0,0,0,0,0,0,0,0,0,0,0,0
123416,80776,83760,78680,70992,78384,92384,68456,60000,60960,66128,350888,50632,51272,58816,54784,53328,62728,69664,64632,57912,56680,55648,360088,85184,109048,110888,110792,88984,61912,46616,47648,70472,74128,58096,350696,106816,91656,52336,40280,37512,38832,58848,79600,86224,89128,97552,343888,83048,164184,71504,85080,39296,40920,45536,35064,39976,35016,37856,355560,28576,38184,44088,48424,53872,67920,83232,55640,39040,0,0,0,0,0,0,0,0,0,0,0,0,0,0,0,0,0,0,0,0,0,0,0,0,0,0,0,0,0,0,0,0,0,0,0,0,0,0,0,0,0,0,0,0,0,0,0,0,0,0,0,0,0,0,0,0,0,0,0,0,0,0,0,0,0,0,0,0,0,0,0,0,0,0
149304,129440,102856,123128,144144,143920,149352,118760,127496,120256,134768,179016,175616,191856,125320,130144,123528,109304,135432,160368,146272,130712,129864,253672,126840,105536,88392,124992,96120,149312,128088,106520,109104,127784,94032,295968,124960,128544,128536,112664,121424,109088,89776,117416,127912,117304,83520,256080,94816,79440,91744,91312,100304,96336,99384,113168,92272,78080,98800,245304,94688,74824,77352,89600,99624,123968,118056,118208,118648,0,0,0,0,0,0,0,0,0,0,0,0,0,0,0,0,0,0,0,0,0,0,0,0,0,0,0,0,0,0,0,0,0,0,0,0,0,0,0,0,0,0,0,0,0,0,0,0,0,0,0,0,0,0,0,0,0,0,0,0,0,0,0,0,0,0,0,0,0,0,0,0,0,0
122616,135544,143496,139008,132720,130200,126920,128024,124968,127048,132928,246848,134640,129064,119736,129032,122880,127032,135816,125416,121048,102776,88552,179272,133912,126824,131536,126640,119208,121120,123920,125616,121144,118056,113392,222688,127392,116344,120312,126744,119608,115920,114496,112784,127000,115920,111256,210120,116376,112536,117688,127656,114488,106200,117056,120416,115200,112960,112808,221848,117352,112912,114552,101032,97824,109512,111160,108696,106560,0,0,0,0,0,0,0,0,0,0,0,0,0,0,0,0,0,0,0,0,0,0,0,0,0,0,0,0,0,0,0,0,0,0,0,0,0,0,0,0,0,0,0,0,0,0,0,0,0,0,0,0,0,0,0,0,0,0,0,0,0,0,0,0,0,0,0,0,0,0,0,0,0,0
132056,124168,112520,108360,127736,111480,104920,105408,102264,103584,136352,202056,109136,113128,122672,120240,126184,125784,147592,121048,117272,116080,117784,180000,95960,106800,127392,137328,115616,108008,94200,100000,99744,91000,81496,167960,109320,120384,106592,93832,105840,94760,116216,85520,76880,74640,74392,149208,95112,86632,76656,74088,87576,96000,92432,86200,80920,76536,81864,155712,72640,64240,80416,94944,92216,79432,115896,89784,83552,0,0,0,0,0,0,0,0,0,0,0,0,0,0,0,0,0,0,0,0,0,0,0,0,0,0,0,0,0,0,0,0,0,0,0,0,0,0,0,0,0,0,0,0,0,0,0,0,0,0,0,0,0,0,0,0,0,0,0,0,0,0,0,0,0,0,0,0,0,0,0,0,0,0
149256,181008,157320,146192,146816,153120,156560,158008,160992,159880,157952,222688,150672,149248,151400,154680,149624,151136,149240,148656,151976,149904,154440,234440,147072,188144,161208,154064,151176,158832,156496,149680,152968,147992,145136,214824,152096,145640,147960,143928,143832,145808,141160,139752,142952,160160,161808,248808,157808,193992,172032,162952,155632,155888,152032,149024,151848,162632,160864,222448,164808,164640,185904,161160,163480,151544,138832,123592,114528,0,0,0,0,0,0,0,0,0,0,0,0,0,0,0,0,0,0,0,0,0,0,0,0,0,0,0,0,0,0,0,0,0,0,0,0,0,0,0,0,0,0,0,0,0,0,0,0,0,0,0,0,0,0,0,0,0,0,0,0,0,0,0,0,0,0,0,0,0,0,0,0,0,0
65080,65968,60912,59520,77160,66616,67896,44088,60760,51936,71408,167992,60016,49992,68760,53816,68776,56640,56728,44520,63336,40024,62552,163264,55144,43776,80040,62040,106120,51176,61080,46504,67464,58096,70112,166968,68688,57776,72976,57000,66848,57000,64208,56472,67160,57216,70496,170208,69008,66680,75736,57984,70968,56616,67696,60688,82792,64040,113352,188520,60024,51176,64376,50856,66808,48080,65192,48816,61984,0,0,0,0,0,0,0,0,0,0,0,0,0,0,0,0,0,0,0,0,0,0,0,0,0,0,0,0,0,0,0,0,0,0,0,0,0,0,0,0,0,0,0,0,0,0,0,0,0,0,0,0,0,0,0,0,0,0,0,0,0,0,0,0,0,0,0,0,0,0,0,0,0,0
52344,57464,51576,47824,52512,45528,46992,50304,56616,55696,57584,113408,50400,46184,56528,58432,73704,74120,81784,56584,52600,42424,43976,103128,53472,58784,60744,56232,61216,67992,69416,62336,62600,55656,59248,113768,62928,53872,57088,56744,55192,47720,51440,46488,46864,45696,54064,104312,50832,0,0,0,0,0,0,0,0,0,0,0,0,0,0,0,0,0,0,0,0,0,0,0,0,0,0,0,0,0,0,0,0,0,0,0,0,0,0,0,0,0,0,0,0,0,0,0,0,0,0,0,0,0,0,0,0,0,0,0,0,0,0,0,0,0,0,0,0,0,0,0,0,0,0,0,0,0,0,0,0,0,0,0,0,0,0,0,0,0,0,0,0,0,0
70168,61120,60304,43136,47216,50376,58704,47032,52632,53560,60368,112592,54328,52872,65952,65656,76088,67984,69808,55320,55808,51824,60984,103288,74184,76744,85704,73576,71584,65200,68608,65968,66952,63376,68232,111272,70120,65680,65600,59328,57784,51864,60592,59888,70008,72488,79832,107896,1480,0,0,0,0,0,0,0,0,0,0,0,0,0,0,0,0,0,0,0,0,0,0,0,0,0,0,0,0,0,0,0,0,0,0,0,0,0,0,0,0,0,0,0,0,0,0,0,0,0,0,0,0,0,0,0,0,0,0,0,0,0,0,0,0,0,0,0,0,0,0,0,0,0,0,0,0,0,0,0,0,0,0,0,0,0,0,0,0,0,0,0,0,0,0
69080,73712,74400,65496,61872,59320,63376,60128,56408,56024,59528,114616,56000,58096,64144,69000,76368,70360,75848,64816,62872,60200,65480,109624,60288,68024,73000,66208,68448,71792,78096,59616,59216,56368,61424,111592,61096,56136,57872,57224,60704,54880,55000,48064,52704,47536,57624,100736,64480,0,0,0,0,0,0,0,0,0,0,0,0,0,0,0,0,0,0,0,0,0,0,0,0,0,0,0,0,0,0,0,0,0,0,0,0,0,0,0,0,0,0,0,0,0,0,0,0,0,0,0,0,0,0,0,0,0,0,0,0,0,0,0,0,0,0,0,0,0,0,0,0,0,0,0,0,0,0,0,0,0,0,0,0,0,0,0,0,0,0,0,0,0,0
55360,48896,46040,40376,43616,41208,44896,46096,49152,50424,55960,100312,65544,57944,64536,60960,63592,62448,64824,62120,67768,62768,60272,85528,58136,55184,60072,58384,65568,57856,71840,76456,90328,63912,60848,98152,52680,46832,46616,42304,39496,39656,47504,43072,47840,51512,56280,97888,62688,0,0,0,0,0,0,0,0,0,0,0,0,0,0,0,0,0,0,0,0,0,0,0,0,0,0,0,0,0,0,0,0,0,0,0,0,0,0,0,0,0,0,0,0,0,0,0,0,0,0,0,0,0,0,0,0,0,0,0,0,0,0,0,0,0,0,0,0,0,0,0,0,0,0,0,0,0,0,0,0,0,0,0,0,0,0,0,0,0,0,0,0,0,0
70160,58624,56400,51416,49840,41040,40072,36536,42368,41368,41560,89688,44440,49256,56936,59512,62672,54088,56784,57600,70344,60088,72688,101216,75072,57448,62016,53392,51632,53408,58008,59592,58056,52256,61072,110112,67544,60872,55768,52168,48720,42304,41312,37584,40120,41696,44392,88432,50256,0,0,0,0,0,0,0,0,0,0,0,0,0,0,0,0,0,0,0,0,0,0,0,0,0,0,0,0,0,0,0,0,0,0,0,0,0,0,0,0,0,0,0,0,0,0,0,0,0,0,0,0,0,0,0,0,0,0,0,0,0,0,0,0,0,0,0,0,0,0,0,0,0,0,0,0,0,0,0,0,0,0,0,0,0,0,0,0,0,0,0,0,0,0
209536,172328,159280,174136,195096,182656,179736,202120,196312,200872,181568,530952,171392,204480,206424,166888,159456,189048,154392,144880,143200,119848,131352,546016,117328,164216,191360,228104,196200,230336,156592,176216,189616,212536,186784,547312,173744,190728,187504,194496,197912,199880,187576,202120,189720,208840,190768,547104,2104,0,0,0,0,0,0,0,0,0,0,0,0,0,0,0,0,0,0,0,0,0,0,0,0,0,0,0,0,0,0,0,0,0,0,0,0,0,0,0,0,0,0,0,0,0,0,0,0,0,0,0,0,0,0,0,0,0,0,0,0,0,0,0,0,0,0,0,0,0,0,0,0,0,0,0,0,0,0,0,0,0,0,0,0,0,0,0,0,0,0,0,0,0,0
244544,211464,206136,202056,181712,314880,193904,196736,198480,209736,196232,554096,181296,196776,171928,194416,190136,198056,186200,193744,197840,205072,185832,544704,176336,182880,177936,194008,185600,221104,197808,191656,184768,195312,198600,542168,166832,187584,176904,197608,184056,198568,194096,203408,194520,194024,204176,535488,176344,0,0,0,0,0,0,0,0,0,0,0,0,0,0,0,0,0,0,0,0,0,0,0,0,0,0,0,0,0,0,0,0,0,0,0,0,0,0,0,0,0,0,0,0,0,0,0,0,0,0,0,0,0,0,0,0,0,0,0,0,0,0,0,0,0,0,0,0,0,0,0,0,0,0,0,0,0,0,0,0,0,0,0,0,0,0,0,0,0,0,0,0,0,0
180904,166400,154056,165016,155360,178168,160480,167400,161200,162488,162792,411088,146128,166504,160576,166056,164488,170728,164688,167536,162952,164360,160408,416400,148440,167456,164080,170960,162568,184976,166080,175744,164784,172080,159000,416936,152000,166840,163960,172024,159976,173800,161600,163256,157680,163928,157408,417280,146456,0,0,0,0,0,0,0,0,0,0,0,0,0,0,0,0,0,0,0,0,0,0,0,0,0,0,0,0,0,0,0,0,0,0,0,0,0,0,0,0,0,0,0,0,0,0,0,0,0,0,0,0,0,0,0,0,0,0,0,0,0,0,0,0,0,0,0,0,0,0,0,0,0,0,0,0,0,0,0,0,0,0,0,0,0,0,0,0,0,0,0,0,0,0
194928,156488,168704,157968,167704,157560,165472,160264,185696,162864,174064,402760,152824,161208,173432,160880,168648,158304,158344,150728,160456,155256,162304,404592,135056,146384,160840,151072,156408,156432,157816,141504,229968,141472,155824,421448,116984,121008,99672,87088,98336,84992,62824,75856,71456,65472,56808,433968,48464,0,0,0,0,0,0,0,0,0,0,0,0,0,0,0,0,0,0,0,0,0,0,0,0,0,0,0,0,0,0,0,0,0,0,0,0,0,0,0,0,0,0,0,0,0,0,0,0,0,0,0,0,0,0,0,0,0,0,0,0,0,0,0,0,0,0,0,0,0,0,0,0,0,0,0,0,0,0,0,0,0,0,0,0,0,0,0,0,0,0,0,0,0,0
161064,108696,111496,96832,103696,90416,87608,116840,126744,94680,96152,409824,100496,105976,126744,109152,116440,139824,145696,147560,166520,139384,138736,413272,96656,127816,140472,131680,141568,124600,127728,125328,126072,132192,137216,411864,87440,107136,119456,118832,118408,111088,117800,112448,132072,102952,110664,420624,64440,0,0,0,0,0,0,0,0,0,0,0,0,0,0,0,0,0,0,0,0,0,0,0,0,0,0,0,0,0,0,0,0,0,0,0,0,0,0,0,0,0,0,0,0,0,0,0,0,0,0,0,0,0,0,0,0,0,0,0,0,0,0,0,0,0,0,0,0,0,0,0,0,0,0,0,0,0,0,0,0,0,0,0,0,0,0,0,0,0,0,0,0,0,0
135584,66688,65456,68264,63992,72968,79448,59848,56224,70736,75352,411512,72576,85960,94264,89016,88816,93952,90424,64912,59488,62832,63728,419824,47664,56776,64792,65424,66064,68560,85032,72976,81312,87488,84096,410528,73608,93672,107200,96728,101528,95280,102928,74768,72384,94832,102288,412960,46496,0,0,0,0,0,0,0,0,0,0,0,0,0,0,0,0,0,0,0,0,0,0,0,0,0,0,0,0,0,0,0,0,0,0,0,0,0,0,0,0,0,0,0,0,0,0,0,0,0,0,0,0,0,0,0,0,0,0,0,0,0,0,0,0,0,0,0,0,0,0,0,0,0,0,0,0,0,0,0,0,0,0,0,0,0,0,0,0,0,0,0,0,0,0
160944,128328,112576,125728,128512,144552,130896,113368,125488,109232,79176,403472,52952,59912,61000,56752,63680,66480,60544,57456,62392,62648,56784,412192,48792,52912,45096,49136,52096,59128,55536,56824,60576,62352,62160,410904,58424,57808,73416,85608,106568,102344,127656,133728,130112,129768,142232,402952,128920,0,0,0,0,0,0,0,0,0,0,0,0,0,0,0,0,0,0,0,0,0,0,0,0,0,0,0,0,0,0,0,0,0,0,0,0,0,0,0,0,0,0,0,0,0,0,0,0,0,0,0,0,0,0,0,0,0,0,0,0,0,0,0,0,0,0,0,0,0,0,0,0,0,0,0,0,0,0,0,0,0,0,0,0,0,0,0,0,0,0,0,0,0,0
149632,99992,113048,111256,118576,85584,86664,98968,131800,100232,142784,343104,145104,136560,162864,149032,157928,154848,131640,126616,131568,129312,129768,353064,118488,113176,108736,130560,141992,123776,117936,118736,122568,83344,102144,354440,91608,103944,94592,88048,119816,118384,123136,99856,120304,117816,119624,346088,135736,0,0,0,0,0,0,0,0,0,0,0,0,0,0,0,0,0,0,0,0,0,0,0,0,0,0,0,0,0,0,0,0,0,0,0,0,0,0,0,0,0,0,0,0,0,0,0,0,0,0,0,0,0,0,0,0,0,0,0,0,0,0,0,0,0,0,0,0,0,0,0,0,0,0,0,0,0,0,0,0,0,0,0,0,0,0,0,0,0,0,0,0,0,0
160312,157136,143224,116512,125544,118272,121016,119600,134824,149064,153312,344080,127440,129024,129616,137296,125608,134400,136376,136240,131336,129664,137896,346824,145296,150976,143256,139840,129408,130656,124640,139032,140704,144104,150368,323944,150176,155352,155776,152672,140440,150800,144280,139784,143720,125192,137880,328448,128632,0,0,0,0,0,0,0,0,0,0,0,0,0,0,0,0,0,0,0,0,0,0,0,0,0,0,0,0,0,0,0,0,0,0,0,0,0,0,0,0,0,0,0,0,0,0,0,0,0,0,0,0,0,0,0,0,0,0,0,0,0,0,0,0,0,0,0,0,0,0,0,0,0,0,0,0,0,0,0,0,0,0,0,0,0,0,0,0,0,0,0,0,0,0
149136,101832,102600,100080,104232,105336,117592,124032,135776,133664,137360,313440,131808,129936,139456,137448,129744,134376,154072,149864,172312,154632,150088,336320,129896,129232,97616,101696,114680,115968,95376,108224,125632,123264,88640,343408,89184,91760,89296,122376,106320,133936,151080,146280,145816,128616,126032,347480,106096,0,0,0,0,0,0,0,0,0,0,0,0,0,0,0,0,0,0,0,0,0,0,0,0,0,0,0,0,0,0,0,0,0,0,0,0,0,0,0,0,0,0,0,0,0,0,0,0,0,0,0,0,0,0,0,0,0,0,0,0,0,0,0,0,0,0,0,0,0,0,0,0,0,0,0,0,0,0,0,0,0,0,0,0,0,0,0,0,0,0,0,0,0,0
117448,117088,107888,101800,105296,101800,114376,107048,114968,123336,129200,333560,107256,124704,130640,124368,136744,118624,194776,133432,148944,150392,148112,345808,78016,108600,78824,83104,102200,119016,123472,140216,128088,142592,155840,341648,154040,141840,140440,128720,130296,133696,160672,119376,142992,130632,96776,349640,86800,0,0,0,0,0,0,0,0,0,0,0,0,0,0,0,0,0,0,0,0,0,0,0,0,0,0,0,0,0,0,0,0,0,0,0,0,0,0,0,0,0,0,0,0,0,0,0,0,0,0,0,0,0,0,0,0,0,0,0,0,0,0,0,0,0,0,0,0,0,0,0,0,0,0,0,0,0,0,0,0,0,0,0,0,0,0,0,0,0,0,0,0,0,0
228136,149024,83872,148288,168296,185552,197080,222600,219264,118912,197112,481904,198576,153648,188648,213384,214992,192280,181192,202176,194424,194104,210408,490728,182328,161936,140360,125272,175240,154096,153528,135456,153600,182776,216728,486552,186240,152840,206128,167944,115416,129920,144288,163056,125328,121072,126960,489320,206392,0,0,0,0,0,0,0,0,0,0,0,0,0,0,0,0,0,0,0,0,0,0,0,0,0,0,0,0,0,0,0,0,0,0,0,0,0,0,0,0,0,0,0,0,0,0,0,0,0,0,0,0,0,0,0,0,0,0,0,0,0,0,0,0,0,0,0,0,0,0,0,0,0,0,0,0,0,0,0,0,0,0,0,0,0,0,0,0,0,0,0,0,0,0
250216,247944,229984,168976,172584,148168,173304,163872,174848,168584,235464,486384,125328,173224,198896,139584,173656,153072,189992,209608,198448,194496,221880,481216,200336,213416,215856,193360,206160,206744,209328,176024,126536,160744,220760,482040,212152,146872,197712,219720,242632,225192,239736,220544,214960,181512,213064,485000,179048,0,0,0,0,0,0,0,0,0,0,0,0,0,0,0,0,0,0,0,0,0,0,0,0,0,0,0,0,0,0,0,0,0,0,0,0,0,0,0,0,0,0,0,0,0,0,0,0,0,0,0,0,0,0,0,0,0,0,0,0,0,0,0,0,0,0,0,0,0,0,0,0,0,0,0,0,0,0,0,0,0,0,0,0,0,0,0,0,0,0,0,0,0,0
243536,204720,171576,174480,99496,143144,147432,132696,99432,147640,155688,506320,107368,141072,114520,149640,122976,172208,227736,184864,143440,173792,124888,493960,85456,184552,159784,201840,197552,216592,215248,80096,159160,178920,126736,506320,120392,178584,247152,78392,175984,233464,196616,80136,164032,140360,127096,499880,220784,0,0,0,0,0,0,0,0,0,0,0,0,0,0,0,0,0,0,0,0,0,0,0,0,0,0,0,0,0,0,0,0,0,0,0,0,0,0,0,0,0,0,0,0,0,0,0,0,0,0,0,0,0,0,0,0,0,0,0,0,0,0,0,0,0,0,0,0,0,0,0,0,0,0,0,0,0,0,0,0,0,0,0,0,0,0,0,0,0,0,0,0,0,0
46672,39776,45040,34840,51792,52984,43528,38472,48960,49704,53952,180184,52568,59032,60768,62640,63120,57712,63104,63824,54096,54312,52816,152656,52104,54664,65096,60480,62248,65864,62040,61312,59384,58848,58760,161504,61544,62256,67984,65648,57744,55584,51184,53016,53328,55616,61064,157632,52568,0,0,0,0,0,0,0,0,0,0,0,0,0,0,0,0,0,0,0,0,0,0,0,0,0,0,0,0,0,0,0,0,0,0,0,0,0,0,0,0,0,0,0,0,0,0,0,0,0,0,0,0,0,0,0,0,0,0,0,0,0,0,0,0,0,0,0,0,0,0,0,0,0,0,0,0,0,0,0,0,0,0,0,0,0,0,0,0,0,0,0,0,0,0
175480,148072,220552,146576,154568,147792,152872,145312,150696,148728,153480,404400,128016,129248,150832,160616,147160,153512,162624,161960,158792,160264,163456,393056,157928,156272,197392,167072,155696,149216,131136,161744,164624,157648,178112,406816,149520,170496,157328,148944,168792,152648,174248,192432,146264,124000,108056,402848,103752,117392,142936,143176,139416,142272,144680,141360,154488,147208,173408,400912,147336,150240,163864,156208,164920,160488,161168,166232,173256,164304,169968,437648,157608,145464,0,0,0,0,0,0,0,0,0,0,0,0,0,0,0,0,0,0,0,0,0,0,0,0,0,0,0,0,0,0,0,0,0,0,0,0,0,0,0,0,0,0,0,0,0,0,0,0,0,0,0,0,0,0,0,0,0,0,0,0,0,0,0,0,0,0,0,0,0
113856,51520,48544,47136,46296,36352,35528,37136,35680,32888,37392,472272,33320,36120,44240,37320,40864,26272,161760,58488,48168,50112,55200,466176,32552,31992,43248,43456,42752,35672,41376,36736,40880,35760,38416,476016,23112,30904,43520,37320,47464,53712,76808,49616,51328,36952,39664,475392,29976,31296,31544,32720,39136,31448,39112,43600,42112,35864,41544,470808,27328,31832,37568,36928,39944,59424,86896,46952,48192,36728,38488,465840,32144,33992,0,0,0,0,0,0,0,0,0,0,0,0,0,0,0,0,0,0,0,0,0,0,0,0,0,0,0,0,0,0,0,0,0,0,0,0,0,0,0,0,0,0,0,0,0,0,0,0,0,0,0,0,0,0,0,0,0,0,0,0,0,0,0,0,0,0,0,0,0
192000,119224,140008,134040,121272,150360,120888,123640,138360,157864,111696,476208,104000,142288,166392,126800,153896,140008,169960,173160,140504,165152,153288,456368,136808,151896,164800,152720,165920,156208,151744,171544,177544,150144,173544,452928,159208,208936,160720,175512,159192,178904,163736,171416,170536,160840,171952,457968,144040,152808,163088,155248,169936,156088,171320,159608,163856,157112,163936,452184,155792,151328,167616,146112,167528,148824,159000,148848,167528,151704,161480,439680,132616,137800,0,0,0,0,0,0,0,0,0,0,0,0,0,0,0,0,0,0,0,0,0,0,0,0,0,0,0,0,0,0,0,0,0,0,0,0,0,0,0,0,0,0,0,0,0,0,0,0,0,0,0,0,0,0,0,0,0,0,0,0,0,0,0,0,0,0,0,0,0
131784,126328,61360,60288,67728,68600,74744,80592,76304,87128,85296,447960,45536,81304,66680,60472,74776,79616,73736,70784,78736,72288,91224,437392,70880,203656,107456,112640,108792,111512,102088,109832,107376,112568,101648,442840,90824,120288,119040,120248,131208,136424,123584,121688,102232,111216,104752,441824,102576,138608,101400,129720,118752,102728,111384,129768,104328,101288,48720,431376,40232,43248,74600,115352,108744,116832,112456,126096,120376,125856,98864,433576,50128,83968,0,0,0,0,0,0,0,0,0,0,0,0,0,0,0,0,0,0,0,0,0,0,0,0,0,0,0,0,0,0,0,0,0,0,0,0,0,0,0,0,0,0,0,0,0,0,0,0,0,0,0,0,0,0,0,0,0,0,0,0,0,0,0,0,0,0,0,0,0
98480,68192,100488,128168,107008,118552,107968,131584,119616,166728,143384,389856,140776,186352,145680,165920,161064,152232,192664,163272,116376,133912,129192,440232,162984,140448,144384,154744,142744,165264,149392,146056,132192,142224,125400,364496,122096,117648,119616,121760,137600,95776,114416,132776,92880,76560,86680,370080,58120,86560,103912,121952,108200,148920,123008,108448,118488,97152,181296,364440,131720,122768,113320,108408,137352,145680,116976,132288,147784,151184,185992,393632,154416,164512,0,0,0,0,0,0,0,0,0,0,0,0,0,0,0,0,0,0,0,0,0,0,0,0,0,0,0,0,0,0,0,0,0,0,0,0,0,0,0,0,0,0,0,0,0,0,0,0,0,0,0,0,0,0,0,0,0,0,0,0,0,0,0,0,0,0,0,0,0
180048,150280,144264,209248,120576,139216,95656,133256,107336,125336,155800,444216,127088,105528,117832,129848,123024,150464,129864,148560,143104,135032,142608,433184,153136,140280,146424,99592,92696,123576,116136,128672,115224,133568,165872,451336,125624,137592,134632,148648,143784,157472,149216,149400,153080,166952,157440,427968,140936,129432,142024,104424,42616,67528,65704,79576,96904,100304,132608,432896,107184,134240,156728,177768,175784,182048,177136,184832,171480,180208,174904,425656,149712,173800,0,0,0,0,0,0,0,0,0,0,0,0,0,0,0,0,0,0,0,0,0,0,0,0,0,0,0,0,0,0,0,0,0,0,0,0,0,0,0,0,0,0,0,0,0,0,0,0,0,0,0,0,0,0,0,0,0,0,0,0,0,0,0,0,0,0,0,0,0
133448,35760,27168,60664,70008,68968,75880,63736,58088,44816,42704,455952,28768,29584,38696,52856,69168,74456,127448,138392,151304,139168,151848,429400,157944,150968,158480,146488,158688,152768,154992,142352,156712,147960,156496,434904,134152,144712,148472,153192,159976,152776,157048,141096,148904,145080,151344,433768,154184,142712,157984,147200,157256,145408,158552,151712,162472,157800,157032,430368,136752,144632,149576,134448,152920,140080,148992,139464,151856,145504,154008,441680,216568,140976,0,0,0,0,0,0,0,0,0,0,0,0,0,0,0,0,0,0,0,0,0,0,0,0,0,0,0,0,0,0,0,0,0,0,0,0,0,0,0,0,0,0,0,0,0,0,0,0,0,0,0,0,0,0,0,0,0,0,0,0,0,0,0,0,0,0,0,0,0
172424,165208,157112,174776,160328,162688,155056,158160,156656,179440,159152,456984,143216,150160,166616,154128,154176,138232,151504,151184,167624,154352,177352,443520,153664,159288,169712,165152,167480,163808,178624,164056,207064,165936,191784,442344,175720,132800,139416,103024,125200,132904,130200,130152,132096,103568,107000,451056,104872,99712,120624,101424,128896,97752,133880,111496,202128,114152,131008,440472,102848,107344,116288,73248,84288,65376,59856,47272,55408,50112,47320,459304,40288,40240,0,0,0,0,0,0,0,0,0,0,0,0,0,0,0,0,0,0,0,0,0,0,0,0,0,0,0,0,0,0,0,0,0,0,0,0,0,0,0,0,0,0,0,0,0,0,0,0,0,0,0,0,0,0,0,0,0,0,0,0,0,0,0,0,0,0,0,0,0
92120,51168,53832,49992,53592,63000,90096,53824,51288,38528,42864,470248,25480,33320,31704,34536,36352,28600,30752,26512,34288,33392,38056,476104,23976,25936,35808,32872,33640,46432,72960,43768,40440,43248,45312,472240,32680,28992,35512,31480,34200,30064,35496,38704,42168,40096,45280,465416,32432,38216,45576,38096,42384,47224,65704,43144,44384,38632,44024,470672,23328,25984,36496,31392,36280,30632,33680,37184,38776,32560,35800,480152,2136,1432,0,0,0,0,0,0,0,0,0,0,0,0,0,0,0,0,0,0,0,0,0,0,0,0,0,0,0,0,0,0,0,0,0,0,0,0,0,0,0,0,0,0,0,0,0,0,0,0,0,0,0,0,0,0,0,0,0,0,0,0,0,0,0,0,0,0,0,0,0
126384,116288,103832,106328,109552,114896,106808,114392,104632,111128,107536,371176,96168,114200,105368,116728,111712,113688,109904,121520,117392,136968,112088,369096,98880,116696,117152,122968,123488,125056,118944,129240,119344,128376,119016,374760,113936,178400,114976,128592,120632,128456,120480,129576,123960,145048,116680,366872,101720,121864,112232,122224,120312,129560,119032,123880,120144,128576,118968,365312,104264,120560,109448,115528,115096,124912,118456,122320,113160,143672,119416,362352,105920,123408,0,0,0,0,0,0,0,0,0,0,0,0,0,0,0,0,0,0,0,0,0,0,0,0,0,0,0,0,0,0,0,0,0,0,0,0,0,0,0,0,0,0,0,0,0,0,0,0,0,0,0,0,0,0,0,0,0,0,0,0,0,0,0,0,0,0,0,0,0
151112,124792,134040,124704,135824,130040,135384,128856,160032,115696,115312,376600,101240,108064,127416,128960,133624,132672,142080,138128,138680,134464,135960,373112,120312,128656,134144,129888,136568,129208,130888,127488,149896,127704,134736,378888,118088,127600,136936,127640,135536,128576,135192,129152,132488,119480,123472,384544,109880,111800,118928,102968,117872,112792,123632,107256,130912,112376,113352,385648,104376,110136,106880,97960,106080,119712,150128,130944,146792,119184,122336,394400,118224,119784,0,0,0,0,0,0,0,0,0,0,0,0,0,0,0,0,0,0,0,0,0,0,0,0,0,0,0,0,0,0,0,0,0,0,0,0,0,0,0,0,0,0,0,0,0,0,0,0,0,0,0,0,0,0,0,0,0,0,0,0,0,0,0,0,0,0,0,0,0
85496,67144,73616,82512,89656,102896,94000,104416,101168,106600,105624,334392,86392,106032,97208,108360,95376,98856,82816,89320,88416,92672,89696,336496,72272,87840,88976,91368,84216,89152,77512,74752,96784,115752,117136,338408,108480,113384,115880,123248,117688,124216,117008,125464,106680,117672,88616,342688,81032,83288,96504,109192,82064,89824,89984,91928,91256,93648,93760,339528,52808,66896,68656,78696,105280,115520,104832,107520,122032,130768,128568,343000,110584,126392,0,0,0,0,0,0,0,0,0,0,0,0,0,0,0,0,0,0,0,0,0,0,0,0,0,0,0,0,0,0,0,0,0,0,0,0,0,0,0,0,0,0,0,0,0,0,0,0,0,0,0,0,0,0,0,0,0,0,0,0,0,0,0,0,0,0,0,0,0
153520,132688,136456,127128,129176,121792,131064,124912,119944,130280,117272,387784,94968,108088,118304,127240,134848,126848,144984,130160,137632,130720,139640,383792,130360,140344,138248,142560,135384,139736,136560,131616,138936,129216,134304,382480,115784,123120,123904,141000,122368,129824,132520,120656,127312,124504,130256,372040,130424,132864,128144,132168,129528,134528,128720,135552,128936,137336,137088,377776,128696,150744,136424,138552,132256,138816,135368,141096,135104,141952,140400,376648,121680,132536,0,0,0,0,0,0,0,0,0,0,0,0,0,0,0,0,0,0,0,0,0,0,0,0,0,0,0,0,0,0,0,0,0,0,0,0,0,0,0,0,0,0,0,0,0,0,0,0,0,0,0,0,0,0,0,0,0,0,0,0,0,0,0,0,0,0,0,0,0
41872,24176,32368,39672,48768,42120,39240,34256,34584,33072,29080,217072,22040,25256,33872,24096,24056,28864,45792,45736,30824,32112,42808,225752,25624,26408,41840,45016,27160,21800,23024,35408,23040,17912,23712,222224,24824,21632,22760,21240,27760,26176,28592,22880,25624,19616,24384,225648,25672,33232,25568,24568,38160,51288,28056,28968,37088,23568,20736,221800,33048,24704,23984,23168,22528,21696,22424,22720,24224,21512,28032,223376,23272,21912,21392,25104,29512,32776,26536,25264,26504,21608,23408,222816,20240,19192,23272,26296,26528,22304,25488,27248,27576,31328,26792,224736,27864,25968,24176,26112,0,0,0,0,0,0,0,0,0,0,0,0,0,0,0,0,0,0,0,0,0,0,0,0,0,0,0,0,0,0,0,0,0,0,0,0,0,0,0,0,0,0,0
115512,93528,108040,88760,94208,89112,85528,77912,76848,83848,85296,333784,67496,78648,85592,70760,71008,144544,69896,68784,74384,74296,68680,337760,68696,72944,67960,74840,71752,80952,75848,64960,72680,70728,72512,332144,68648,62648,65656,72968,74456,80360,65712,61176,63328,67168,63584,334464,54112,50984,58464,57136,59440,52296,60960,50704,57040,65944,57184,336136,44312,54648,55352,46128,57488,69120,46816,50232,42760,53536,55616,334944,47880,49160,45456,49352,52312,53936,50312,45096,57512,51784,53560,332352,49864,56208,56872,57304,57288,63088,51504,48480,48440,47720,48112,332288,51720,73672,52920,40096,0,0,0,0,0,0,0,0,0,0,0,0,0,0,0,0,0,0,0,0,0,0,0,0,0,0,0,0,0,0,0,0,0,0,0,0,0,0,0,0,0,0,0
126704,104248,124888,82904,93824,85552,93328,87472,91968,82456,74200,371280,76480,82864,94408,81120,87056,86144,93696,80808,81936,86472,87416,374456,66256,74440,123416,80440,91480,93008,96016,76824,77832,80984,91384,374744,73832,76744,92648,88144,91432,82360,94392,84200,83296,78496,80072,374168,64264,78232,105456,76664,80872,76160,82088,84232,86320,87792,84560,377904,68336,79632,86440,78440,86128,78280,88688,76776,82784,87040,93536,380312,70792,65896,203552,93752,101568,87384,88280,87512,94880,81128,86472,373952,72656,72736,88704,80744,83832,85920,94872,90040,92928,79040,77008,377880,76872,87232,117992,86832,0,0,0,0,0,0,0,0,0,0,0,0,0,0,0,0,0,0,0,0,0,0,0,0,0,0,0,0,0,0,0,0,0,0,0,0,0,0,0,0,0,0,0
80160,35392,35552,31440,29696,40904,39488,40256,40408,44840,3648,415632,30408,3024,28704,34384,51728,30216,29744,30040,32376,28376,29208,385472,26320,34656,3136,28224,46480,4272,19376,35992,40344,40856,56016,413320,48480,48160,43680,75048,137544,79840,6384,34752,40144,55792,30296,375384,26864,43872,58976,45944,27928,31816,44824,4024,37048,58560,5128,386696,17264,24928,35568,48792,74272,36680,44824,37768,79528,47664,59952,399840,25216,52080,30208,32768,47264,38792,42056,59320,21592,34456,36376,372448,24992,40776,71392,6392,51360,32464,28056,54688,62088,46568,34928,399584,24008,29784,43256,89080,0,0,0,0,0,0,0,0,0,0,0,0,0,0,0,0,0,0,0,0,0,0,0,0,0,0,0,0,0,0,0,0,0,0,0,0,0,0,0,0,0,0,0
44912,42224,41416,39712,35584,31352,29232,26872,30520,25608,29880,103544,31280,27648,29056,35600,22520,24824,23456,25384,26040,23336,28472,103992,27728,31680,32848,30872,31016,28992,27304,25432,27496,23976,23112,99656,20448,18256,21272,31792,20760,19296,17800,15832,14880,15416,15496,93144,20640,21272,19464,23208,22744,22808,29264,28456,28856,27856,26168,98880,24272,23344,20512,31672,20232,16856,19200,0,0,0,0,0,0,0,0,0,0,0,0,0,0,0,0,0,0,0,0,0,0,0,0,0,0,0,0,0,0,0,0,0,0,0,0,0,0,0,0,0,0,0,0,0,0,0,0,0,0,0,0,0,0,0,0,0,0,0,0,0,0,0,0,0,0,0,0,0,0,0,0,0,0,0,0
25368,19264,22912,26880,33528,39400,34056,39624,38056,37400,35464,201480,29960,37512,28920,31984,32160,35200,38752,39656,42432,41792,38432,203856,23904,30936,34112,32496,36640,33776,31256,37008,33192,22688,28520,204632,22600,19984,25592,28064,32992,21608,24992,27184,27456,25136,36104,204984,24408,19648,26264,34592,31480,36024,41824,43600,26976,28848,31024,206928,28304,35384,30648,28048,33672,34704,27504,29432,39688,37968,45032,209904,29632,35952,42136,44680,36328,28344,40712,52008,35080,0,0,0,0,0,0,0,0,0,0,0,0,0,0,0,0,0,0,0,0,0,0,0,0,0,0,0,0,0,0,0,0,0,0,0,0,0,0,0,0,0,0,0,0,0,0,0,0,0,0,0,0,0,0,0,0,0,0,0,0,0,0
103384,49112,48872,51432,63776,56104,81096,7088,50216,69128,6288,357088,33040,40096,51088,56464,52256,57888,50048,70856,6912,39520,62752,338072,33024,79080,6040,63224,67848,72960,68048,67768,74576,79440,62504,356096,3824,39528,88888,6456,55792,55840,52840,46648,61568,69048,62080,326680,82896,6216,48696,81960,6360,42064,85944,6040,68200,75768,79576,344792,58592,69784,78400,51120,90176,6336,64640,93464,6616,53464,55448,338456,55752,70232,85824,83840,78848,95408,7232,55096,77032,6232,60600,324952,4096,65328,67560,67928,65184,67192,68968,62928,68840,107976,6136,349776,80136,5288,61832,0,0,0,0,0,0,0,0,0,0,0,0,0,0,0,0,0,0,0,0,0,0,0,0,0,0,0,0,0,0,0,0,0,0,0,0,0,0,0,0,0,0,0,0
61936,9576,27376,43136,5080,24360,22000,30688,32736,30104,32560,200040,25096,38024,4544,21400,32488,4168,22432,31768,3520,27080,32584,203544,26800,28392,25704,35056,35248,42432,4080,26064,39224,4616,28440,205112,29064,26736,23888,30040,34456,28168,26112,28304,24944,37704,3616,203760,38120,5112,23688,29888,24872,35032,31672,33408,41336,41208,55960,214312,69464,52200,5800,28816,24696,34016,34792,35808,35200,27904,26224,200864,28096,26592,44728,3992,33016,47464,4488,33528,37776,36160,38776,210792,39816,35608,40440,53408,5408,42800,58040,5912,40464,45344,48352,208536,35104,44864,44776,41088,0,0,0,0,0,0,0,0,0,0,0,0,0,0,0,0,0,0,0,0,0,0,0,0,0,0,0,0,0,0,0,0,0,0,0,0,0,0,0,0,0,0,0
49288,9584,28008,36320,29304,32840,26248,32592,36104,37920,43232,166168,34912,49600,5440,34336,38496,35648,27824,22712,21816,23920,29904,162384,4520,16968,27744,4192,19664,27944,3208,22512,21696,23456,24432,172832,26552,32984,30592,44280,5040,28856,34344,5224,25168,25176,31112,171128,17376,26376,21232,24392,32248,4256,21640,33680,4000,24056,36864,170640,23056,25712,23896,30232,33440,31448,30688,26600,37760,3776,53224,178728,3592,28088,29248,30104,32656,27160,29984,26624,30592,25824,25656,169296,30352,4832,22720,38048,3680,26576,26224,28120,28776,33696,37792,180496,28440,42096,4296,31976,42424,0,0,0,0,0,0,0,0,0,0,0,0,0,0,0,0,0,0,0,0,0,0,0,0,0,0,0,0,0,0,0,0,0,0,0,0,0,0,0,0,0,0
155656,60328,53152,74592,99808,8840,27600,56952,4456,50632,59584,544680,23752,33664,36960,43976,31888,46776,36112,54600,51064,4136,28784,521064,1616,29960,58216,4712,59704,34752,32080,47152,44536,78136,6136,544816,45064,3608,42976,65416,5000,50528,50080,60272,50936,52408,61824,520712,22624,59928,4608,35368,60408,4576,26448,62192,5032,50400,51376,527960,32696,42776,74752,6000,43456,63720,5024,40200,72728,5512,47976,533136,33232,39864,37184,60248,89336,35168,52368,4408,36352,56992,5096,509272,43272,3656,41472,47272,49864,52904,58208,79224,6136,41104,58920,539112,27920,60488,4656,30776,179872,48472,0,0,0,0,0,0,0,0,0,0,0,0,0,0,0,0,0,0,0,0,0,0,0,0,0,0,0,0,0,0,0,0,0,0,0,0,0,0,0,0,0
177800,115304,112960,122840,105792,120152,104640,109704,118504,5480,53144,433816,2360,48624,54800,36848,34208,50568,51608,71000,54056,43552,38216,462352,62728,4472,41208,51744,43944,56560,47400,64328,49264,49096,50688,438824,37744,46696,59520,44840,46144,58256,53880,60576,57464,83880,83256,439568,72128,79784,76552,87496,100024,111688,122408,109032,104936,120384,120368,405392,96152,112192,116640,74384,58120,55840,41496,40440,39344,60728,45024,427424,44736,54256,58592,69376,78176,66176,66760,68312,62528,63904,62624,448680,54056,69320,83560,63592,61736,58040,57880,80448,71936,65248,0,0,0,0,0,0,0,0,0,0,0,0,0,0,0,0,0,0,0,0,0,0,0,0,0,0,0,0,0,0,0,0,0,0,0,0,0,0,0,0,0,0,0,0,0,0,0,0,0
193744,88736,113304,62184,64888,59992,56632,55456,59832,65432,82272,607608,40632,52472,65664,60248,83496,78944,85616,83176,58000,57696,59960,632888,59504,70688,73424,65152,70016,74552,78256,91280,73840,78512,61720,593600,279288,72136,86072,55632,58536,66680,63680,65568,75168,86648,74864,612072,54768,46944,300288,81048,69568,95536,86152,73000,72608,106904,96192,566632,49416,107816,112832,79624,76544,125480,72280,103752,90640,77648,68240,604264,63096,89352,134192,68992,75216,118592,69112,102168,103488,102328,111440,561544,63016,66752,77176,84912,91936,116536,83032,99112,93000,120856,82952,594800,67160,121480,143280,83360,0,0,0,0,0,0,0,0,0,0,0,0,0,0,0,0,0,0,0,0,0,0,0,0,0,0,0,0,0,0,0,0,0,0,0,0,0,0,0,0,0,0,0
66160,8304,31808,38568,4272,22400,26920,25872,24664,22328,26496,180176,21344,21248,17584,18000,32232,3824,18912,28616,3312,21008,22992,183184,24040,24808,29848,32696,30592,33264,28168,27168,34832,4680,26520,185296,25560,23656,28928,26992,28400,34536,24544,21824,26472,22176,28400,175120,41296,4080,35744,31128,32856,31632,40272,40280,39864,42016,45128,180144,35952,39736,38064,37576,34384,43440,26000,30536,32128,25336,27952,167936,25272,23000,25816,24496,27336,27192,28760,28984,30120,28208,34208,179472,30208,34016,33232,29344,23632,56512,32232,32328,28264,28752,27536,175560,26576,29560,26912,27608,0,0,0,0,0,0,0,0,0,0,0,0,0,0,0,0,0,0,0,0,0,0,0,0,0,0,0,0,0,0,0,0,0,0,0,0,0,0,0,0,0,0,0
34496,28040,30552,26976,26928,28496,30656,26000,28136,26672,30016,210400,21232,24000,28904,24784,27392,23032,25352,27008,32256,23056,24528,203280,23624,29304,28920,26400,29448,25400,22616,25736,27088,27424,28688,201432,20024,22384,27080,28480,32136,27416,28120,26568,35176,24760,26584,207320,23256,24760,23328,35976,29920,33352,31184,30336,34080,32472,29792,198096,25432,25168,24800,27024,23080,27640,26680,29360,36944,23968,28136,208944,19584,28920,34000,24056,21224,28864,31168,26536,27800,27728,24240,203464,27432,28240,28280,24296,25784,25240,26680,28816,33936,27192,26832,205736,22200,29296,31040,29752,0,0,0,0,0,0,0,0,0,0,0,0,0,0,0,0,0,0,0,0,0,0,0,0,0,0,0,0,0,0,0,0,0,0,0,0,0,0,0,0,0,0,0
76536,46016,26144,40512,48792,49016,42704,19144,55688,37944,34048,247496,21536,31664,31248,34016,28240,33368,41104,41896,55104,48528,40816,279560,34408,30968,32280,37000,31720,31408,33672,38376,35968,34584,47728,265032,36664,41592,44248,41184,23240,39408,37592,39472,35536,49144,42808,258176,41536,33544,46328,41520,33600,36616,31032,33504,34016,31088,29824,256304,78808,40912,35840,32744,27864,46224,37872,47272,31832,53352,44064,272832,39072,31592,41672,38720,37760,29360,30128,38976,32152,41480,23416,256768,33536,34888,39704,15720,41016,37528,35352,32840,29656,45176,44512,263552,23648,48352,46504,49536,0,0,0,0,0,0,0,0,0,0,0,0,0,0,0,0,0,0,0,0,0,0,0,0,0,0,0,0,0,0,0,0,0,0,0,0,0,0,0,0,0,0,0
86128,48472,41768,32800,48032,43008,44432,38496,17592,38720,40416,257016,22136,36888,45792,55672,74576,32968,52344,45608,47200,50344,27440,280312,35688,41008,33840,44632,47200,46240,45912,47248,53736,47904,40216,255104,17528,43624,49224,36936,83992,37944,45144,43880,51608,30248,52448,280168,41168,40392,26336,43960,39920,42168,41208,37768,40584,43784,38272,258128,27752,43152,39272,44120,46040,42720,40264,44744,39088,39952,48888,251184,30272,22168,40176,49448,40200,52080,18400,40344,38648,34376,34024,267160,28800,35336,38640,39192,50136,40424,38104,47032,19400,35576,37608,244784,34256,34928,43280,45176,0,0,0,0,0,0,0,0,0,0,0,0,0,0,0,0,0,0,0,0,0,0,0,0,0,0,0,0,0,0,0,0,0,0,0,0,0,0,0,0,0,0,0
29552,31256,4336,23520,38248,4528,24288,26888,30168,30776,26336,228192,30592,29312,30136,4120,26776,36168,4600,25480,18872,38216,25680,220112,20072,14600,25488,25624,24048,19248,30368,3560,24144,31240,4168,217192,24976,27272,25408,27832,34416,34784,32200,26512,3712,65616,45488,229856,7784,24768,29992,28376,27760,14824,32144,27920,32304,24984,20080,217480,3656,21952,35056,3920,32856,31888,29080,28136,43064,53136,45048,241832,34688,38192,37512,35368,4304,33648,36032,35504,35000,13784,38024,225440,28136,29568,19984,26888,41024,3752,23304,43744,4480,40136,27152,230920,32184,36840,43264,16304,0,0,0,0,0,0,0,0,0,0,0,0,0,0,0,0,0,0,0,0,0,0,0,0,0,0,0,0,0,0,0,0,0,0,0,0,0,0,0,0,0,0,0
73704,56096,57304,57424,57792,30568,55360,60912,61040,57584,36808,243352,49448,58072,45416,54680,59640,64544,69416,48728,68496,68192,75728,271064,48184,67688,66360,71192,50192,62152,65960,67656,62232,45888,66904,260920,66632,73816,40024,73608,75416,80832,67200,74872,78152,81656,100192,286848,72408,79224,82256,85536,55480,80176,80496,83568,66664,74104,77544,277384,70744,50544,69024,70128,67736,74032,36880,77736,83128,83920,131312,279536,75544,84248,94496,57432,85496,84600,82664,97640,64000,85968,80392,282392,72872,69696,83000,86512,90464,69256,78264,88168,89736,94152,71264,273056,81728,84200,93088,88968,0,0,0,0,0,0,0,0,0,0,0,0,0,0,0,0,0,0,0,0,0,0,0,0,0,0,0,0,0,0,0,0,0,0,0,0,0,0,0,0,0,0,0
91536,46376,39504,54152,58008,34448,32360,34064,38712,41000,43520,357568,31864,37024,43288,37328,35440,48200,37240,31496,32632,30984,27064,341568,23648,33312,29088,39448,48896,29864,29248,41144,36152,47496,42480,358720,32568,29712,34624,35392,34064,35464,32072,39608,31632,36696,33760,343416,23176,29864,29008,30376,35832,26440,26840,30064,29976,33448,33880,348856,20208,38880,33752,34632,29368,30376,27648,32080,30104,36320,34656,351592,25008,27568,27928,38000,48504,23424,21680,25088,20384,25624,23640,338032,17192,28352,23328,35384,24480,37496,29800,28960,30656,28064,23632,355016,19176,22112,26752,22080,97408,32312,31208,29584,25424,36760,27968,330096,16176,20560,18888,24896,20968,28904,22304,33848,23568,38072,25656,349712,19024,21544,22736,27440,35488,22976,18992,27544,24968,30240,30128,343280,15064,21352,27032,23560,20808,22104,17264,21792,19912,27056,21968
101344,87768,83472,83408,81608,85760,83664,83816,86624,86120,87592,204064,85872,86752,83456,90000,88512,93376,91376,90040,95296,92816,92808,220120,140416,90936,93584,93456,93840,94608,95712,98888,96680,97056,94840,231096,93544,99232,97856,100320,98024,100456,100168,109512,98032,98192,96640,232304,92360,90336,97016,99584,101360,97192,99424,99512,94440,100248,94336,229352,96128,107320,104296,101864,99280,101272,97648,98808,96488,100272,0,0,0,0,0,0,0,0,0,0,0,0,0,0,0,0,0,0,0,0,0,0,0,0,0,0,0,0,0,0,0,0,0,0,0,0,0,0,0,0,0,0,0,0,0,0,0,0,0,0,0,0,0,0,0,0,0,0,0,0,0,0,0,0,0,0,0,0,0,0,0,0,0
60352,62056,60136,60128,57440,56688,56472,59528,53944,50392,56656,174112,46616,52856,56752,55400,55248,55040,57288,81920,61784,61480,60016,170608,58176,60040,56200,55256,60152,58784,55368,57032,59488,64520,65352,168912,55728,55800,61384,60256,59920,57664,56016,71840,57000,52480,55064,164992,50744,55080,53368,56288,59448,63144,60672,56864,59576,60128,57624,167040,51400,55376,53784,57912,54744,55000,54552,69344,54080,54136,55624,167168,53584,52408,54248,48688,52504,51632,51024,50944,51832,50752,50344,169512,53560,54384,57728,53816,57744,55912,58000,71872,53896,54960,55960,169128,53608,56072,54504,52288,52072,52432,56392,55712,54200,53096,61776,171408,0,0,0,0,0,0,0,0,0,0,0,0,0,0,0,0,0,0,0,0,0,0,0,0,0,0,0,0,0,0,0,0,0,0,0
25784,21552,27984,36264,44288,39096,28696,41048,45856,40056,33024,97144,32440,46768,48712,47824,61472,48952,41312,33040,26896,22680,31432,90632,40832,49688,43040,33184,43376,51528,80232,33312,50616,61048,57632,94288,50568,53192,45864,50200,66592,52816,37352,51760,61928,53088,36552,89752,36368,54704,53928,46720,35720,47008,51480,44680,40704,48032,55584,103624,39640,30176,40472,46368,60624,52040,43088,33880,29568,36280,48168,99080,44832,53200,46800,36824,29712,35928,47112,55400,52616,44312,36696,94512,48040,56824,53912,43128,66192,35656,43008,54664,63272,57680,52096,90816,36688,41720,51144,62200,0,0,0,0,0,0,0,0,0,0,0,0,0,0,0,0,0,0,0,0,0,0,0,0,0,0,0,0,0,0,0,0,0,0,0,0,0,0,0,0,0,0,0
